,date,team,opponent,home_player_1,home_player_2,home_player_3,home_player_4,home_player_5,home_player_6,home_player_7,home_player_8,home_player_9,home_player_10,home_player_11,away_player_1,away_player_2,away_player_3,away_player_4,away_player_5,away_player_6,away_player_7,away_player_8,away_player_9,away_player_10,away_player_11
0,2022-08-05,Crystal Palace,Arsenal,VicenteGuaita,NathanielClyne,MarcGuéhi,TyrickMitchell,JoachimAndersen,CheickDoucouré,JordanAyew,WilfriedZaha,JeffreySchlupp,EberechiEze,OdsonneÉdouard,AaronRamsdale,BenWhite,WilliamSaliba,OleksandrZinchenko,GabrielMagalhães,ThomasPartey,MartinØdegaard,GranitXhaka,GabrielJesus,BukayoSaka,GabrielMartinelli
1,2022-08-06,Bournemouth,Aston Villa,MarkTravers,ChrisMepham,LloydKelly,JeffersonLerma,BenPearson,PhilipBilling,JordanZemura,AdamSmith,MarcusTavernier,DominicSolanke,KiefferMoore,EmilianoMartínez,DiegoCarlos,MattyCash,EzriKonsa,LucasDigne,JacobRamsey,BoubacarKamara,JohnMcGinn,PhilippeCoutinho,DannyIngs,LeonBailey
2,2022-08-06,Everton,Chelsea,JordanPickford,JamesTarkowski,YerryMina,NathanPatterson,BenGodfrey,VitaliiMykolenko,DwightMcNeil,DemaraiGray,AbdoulayeDoucouré,AlexIwobi,AnthonyGordon,ÉdouardMendy,KalidouKoulibaly,ThiagoSilva,CésarAzpilicueta,N'GoloKanté,ReeceJames,Jorginho,BenChilwell,MasonMount,KaiHavertz,RaheemSterling
3,2022-08-06,Fulham,Liverpool,MarekRodák,AntoneeRobinson,TosinAdarabioyo,TimReam,KennyTete,JoãoPalhinha,NeeskensKebano,BobbyDeCordova-Reid,HarrisonReed,AndreasPereira,AleksandarMitrovic,Alisson,JoëlMatip,AndrewRobertson,TrentAlexander-Arnold,VirgilvanDijk,Fabinho,Thiago,JordanHenderson,RobertoFirmino,MohamedSalah,LuisDíaz
4,2022-08-06,Leeds United,Wolverhampton Wanderers,IllanMeslier,DiegoLlorente,RasmusKristensen,RobinKoch,PascalStruijk,MarcRoca,BrendenAaronson,JackHarrison,TylerAdams,Rodrigo,PatrickBamford,JoséSá,RayanAït-Nouri,NathanCollins,Jonny,MaximilianKilman,MorganGibbs-White,PedroNeto,DanielPodence,RúbenNeves,LeanderDendoncker,HwangHee-Chan
5,2022-08-07,Leicester City,Brentford,DannyWard,WesleyFofana,JonnyEvans,DanielAmartey,TimothyCastagne,WilfredNdidi,KiernanDewsbury-Hall,YouriTielemans,JamesJustin,JamesMaddison,JamieVardy,DavidRaya,RicoHenry,AaronHickey,BenMee,PontusJansson,VitalyJanelt,ChristianNørgaard,MathiasJensen,YoaneWissa,IvanToney,BryanMbeumo
6,2022-08-06,Newcastle United,Nottingham Forest,NickPope,FabianSchär,DanBurn,MattTargett,KieranTrippier,Joelinton,BrunoGuimarães,JoeWillock,CallumWilson,AllanSaint-Maximin,MiguelAlmirón,DeanHenderson,ScottMcKenna,MoussaNiakhaté,JoeWorrall,JackColback,HarryToffolo,NecoWilliams,LewisO'Brien,BrennanJohnson,JesseLingard,SamSurridge
7,2022-08-06,Tottenham Hotspur,Southampton,HugoLloris,CristianRomero,BenDavies,EricDier,EmersonRoyal,RyanSessegnon,RodrigoBentancur,Pierre-EmileHøjbjerg,HarryKane,SonHeung-Min,DejanKulusevski,GavinBazunu,MohammedSalisu,JanBednarek,YanValery,MoussaDjenepo,KyleWalker-Peters,RoméoLavia,JamesWard-Prowse,OriolRomeu,AdamArmstrong,JoeAribo
8,2022-08-07,Manchester United,Brighton & Hove Albion,DaviddeGea,LukeShaw,DiogoDalot,LisandroMartínez,HarryMaguire,ScottMcTominay,Fred,BrunoFernandes,ChristianEriksen,JadonSancho,MarcusRashford,RobertSánchez,AdamWebster,LewisDunk,JoëlVeltman,MoisésCaicedo,AdamLallana,AlexisMacAllister,PascalGroß,LeandroTrossard,SollyMarch,DannyWelbeck
9,2022-08-07,West Ham United,Manchester City,LukaszFabianski,AaronCresswell,KurtZouma,BenJohnson,VladimírCoufal,PabloFornals,DeclanRice,TomásSoucek,ManuelLanzini,JarrodBowen,MichailAntonio,Ederson,RúbenDias,KyleWalker,NathanAké,JoãoCancelo,Rodri,IlkayGündogan,KevinDeBruyne,JackGrealish,PhilFoden,ErlingHaaland
10,2022-08-13,Arsenal,Leicester City,AaronRamsdale,BenWhite,GabrielMagalhães,WilliamSaliba,OleksandrZinchenko,ThomasPartey,MartinØdegaard,GranitXhaka,BukayoSaka,GabrielJesus,GabrielMartinelli,DannyWard,JonnyEvans,WesleyFofana,DanielAmartey,YouriTielemans,KiernanDewsbury-Hall,TimothyCastagne,WilfredNdidi,JamesJustin,JamieVardy,JamesMaddison
11,2022-08-13,Aston Villa,Everton,EmilianoMartínez,TyroneMings,LucasDigne,DiegoCarlos,MattyCash,JacobRamsey,BoubacarKamara,PhilippeCoutinho,JohnMcGinn,DannyIngs,OllieWatkins,JordanPickford,MasonHolgate,JamesTarkowski,ConorCoady,VitaliiMykolenko,AlexIwobi,NathanPatterson,AbdoulayeDoucouré,DemaraiGray,DwightMcNeil,AnthonyGordon
12,2022-08-13,Brentford,Manchester United,DavidRaya,RicoHenry,BenMee,PontusJansson,AaronHickey,MadsRoerslev,MathiasJensen,ChristianNørgaard,JoshDasilva,BryanMbeumo,IvanToney,DaviddeGea,HarryMaguire,DiogoDalot,LisandroMartínez,LukeShaw,ChristianEriksen,Fred,MarcusRashford,BrunoFernandes,JadonSancho,CristianoRonaldo
13,2022-08-13,Brighton & Hove Albion,Newcastle United,RobertSánchez,LewisDunk,JoëlVeltman,AdamWebster,SollyMarch,AlexisMacAllister,LeandroTrossard,MoisésCaicedo,AdamLallana,PascalGroß,DannyWelbeck,NickPope,SvenBotman,KieranTrippier,DanBurn,FabianSchär,JoeWillock,BrunoGuimarães,Joelinton,MiguelAlmirón,AllanSaint-Maximin,CallumWilson
14,2022-08-14,Chelsea,Tottenham Hotspur,ÉdouardMendy,KalidouKoulibaly,ReeceJames,ThiagoSilva,MasonMount,MarcCucurella,RubenLoftus-Cheek,N'GoloKanté,Jorginho,KaiHavertz,RaheemSterling,HugoLloris,CristianRomero,BenDavies,EricDier,EmersonRoyal,RyanSessegnon,RodrigoBentancur,Pierre-EmileHøjbjerg,HarryKane,SonHeung-Min,DejanKulusevski
15,2022-08-15,Liverpool,Crystal Palace,Alisson,AndrewRobertson,TrentAlexander-Arnold,NathanielPhillips,VirgilvanDijk,JamesMilner,Fabinho,HarveyElliott,LuisDíaz,MohamedSalah,DarwinNúñez,VicenteGuaita,NathanielClyne,MarcGuéhi,TyrickMitchell,JoachimAndersen,JoelWard,CheickDoucouré,JordanAyew,JeffreySchlupp,EberechiEze,WilfriedZaha
16,2022-08-13,Manchester City,Bournemouth,Ederson,JoãoCancelo,RúbenDias,KyleWalker,NathanAké,IlkayGündogan,KevinDeBruyne,PhilFoden,RiyadMahrez,Rodri,ErlingHaaland,MarkTravers,LloydKelly,JeffersonLerma,ChrisMepham,LewisCook,JackStacey,AdamSmith,BenPearson,RyanChristie,KiefferMoore,MarcusTavernier
17,2022-08-14,Nottingham Forest,West Ham United,DeanHenderson,ScottMcKenna,MoussaNiakhaté,JoeWorrall,OrelMangala,HarryToffolo,NecoWilliams,LewisO'Brien,TaiwoAwoniyi,JesseLingard,BrennanJohnson,LukaszFabianski,BenJohnson,KurtZouma,AaronCresswell,VladimírCoufal,TomásSoucek,PabloFornals,DeclanRice,MichailAntonio,SaïdBenrahma,JarrodBowen
18,2022-08-13,Southampton,Leeds United,GavinBazunu,MohammedSalisu,ArmelBella-Kotchap,JanBednarek,MoussaDjenepo,JamesWard-Prowse,RoméoLavia,KyleWalker-Peters,StuartArmstrong,MohamedElyounoussi,ChéAdams,IllanMeslier,DiegoLlorente,PascalStruijk,RobinKoch,RasmusKristensen,Rodrigo,JackHarrison,BrendenAaronson,MarcRoca,TylerAdams,PatrickBamford
19,2022-08-13,Wolverhampton Wanderers,Fulham,JoséSá,Jonny,RayanAït-Nouri,NathanCollins,MaximilianKilman,MorganGibbs-White,LeanderDendoncker,DanielPodence,RúbenNeves,PedroNeto,HwangHee-Chan,MarekRodák,AntoneeRobinson,KennyTete,TimReam,TosinAdarabioyo,JoãoPalhinha,HarrisonReed,BobbyDeCordova-Reid,AndreasPereira,NeeskensKebano,AleksandarMitrovic
20,2022-08-20,Bournemouth,Arsenal,MarkTravers,MarcosSenesi,LloydKelly,ChrisMepham,JordanZemura,BenPearson,MarcusTavernier,JeffersonLerma,AdamSmith,PhilipBilling,KiefferMoore,AaronRamsdale,OleksandrZinchenko,GabrielMagalhães,BenWhite,WilliamSaliba,GranitXhaka,MartinØdegaard,ThomasPartey,BukayoSaka,GabrielMartinelli,GabrielJesus
21,2022-08-20,Crystal Palace,Aston Villa,VicenteGuaita,JoelWard,TyrickMitchell,JoachimAndersen,MarcGuéhi,JeffreySchlupp,CheickDoucouré,EberechiEze,JordanAyew,WilfriedZaha,OdsonneÉdouard,EmilianoMartínez,EzriKonsa,TyroneMings,MattyCash,LucasDigne,JohnMcGinn,BoubacarKamara,JacobRamsey,LeonBailey,EmilianoBuendía,OllieWatkins
22,2022-08-20,Everton,Nottingham Forest,JordanPickford,ConorCoady,JamesTarkowski,MasonHolgate,VitaliiMykolenko,NathanPatterson,TomDavies,AlexIwobi,SalomónRondón,AnthonyGordon,DemaraiGray,DeanHenderson,SteveCook,ScottMcKenna,JoeWorrall,LewisO'Brien,NecoWilliams,HarryToffolo,OrelMangala,JesseLingard,TaiwoAwoniyi,BrennanJohnson
23,2022-08-20,Fulham,Brentford,BerndLeno,AntoneeRobinson,TosinAdarabioyo,TimReam,KennyTete,HarrisonReed,AndreasPereira,JayStansfield,BobbyDeCordova-Reid,JoãoPalhinha,AleksandarMitrovic,DavidRaya,AaronHickey,PontusJansson,BenMee,RicoHenry,ChristianNørgaard,JoshDasilva,MathiasJensen,YoaneWissa,IvanToney,BryanMbeumo
24,2022-08-21,Leeds United,Chelsea,IllanMeslier,PascalStruijk,RasmusKristensen,RobinKoch,DiegoLlorente,DanJames,TylerAdams,JackHarrison,BrendenAaronson,MarcRoca,Rodrigo,ÉdouardMendy,ThiagoSilva,KalidouKoulibaly,ReeceJames,Jorginho,ConorGallagher,RubenLoftus-Cheek,MarcCucurella,MasonMount,RaheemSterling,KaiHavertz
25,2022-08-20,Leicester City,Southampton,DannyWard,JonnyEvans,DanielAmartey,TimothyCastagne,JamesJustin,WilfredNdidi,HarveyBarnes,AyozePérez,JamesMaddison,KiernanDewsbury-Hall,JamieVardy,GavinBazunu,MoussaDjenepo,ArmelBella-Kotchap,KyleWalker-Peters,MohammedSalisu,AdamArmstrong,RoméoLavia,JoeAribo,JamesWard-Prowse,MohamedElyounoussi,SékouMara
26,2022-08-22,Manchester United,Liverpool,DaviddeGea,TyrellMalacia,RaphaëlVarane,DiogoDalot,LisandroMartínez,BrunoFernandes,AnthonyElanga,ChristianEriksen,JadonSancho,ScottMcTominay,MarcusRashford,Alisson,TrentAlexander-Arnold,AndrewRobertson,JoeGomez,VirgilvanDijk,JordanHenderson,JamesMilner,HarveyElliott,RobertoFirmino,MohamedSalah,LuisDíaz
27,2022-08-21,Newcastle United,Manchester City,NickPope,SvenBotman,KieranTrippier,DanBurn,FabianSchär,BrunoGuimarães,JoeWillock,Joelinton,MiguelAlmirón,CallumWilson,AllanSaint-Maximin,Ederson,KyleWalker,NathanAké,JohnStones,JoãoCancelo,IlkayGündogan,Rodri,KevinDeBruyne,PhilFoden,BernardoSilva,ErlingHaaland
28,2022-08-20,Tottenham Hotspur,Wolverhampton Wanderers,HugoLloris,BenDavies,DavinsonSánchez,EricDier,EmersonRoyal,RodrigoBentancur,Pierre-EmileHøjbjerg,IvanPerisic,SonHeung-Min,DejanKulusevski,HarryKane,JoséSá,MaximilianKilman,Jonny,NathanCollins,JoãoMoutinho,MatheusNunes,PedroNeto,RúbenNeves,RayanAït-Nouri,GonçaloGuedes,DanielPodence
29,2022-08-21,West Ham United,Brighton & Hove Albion,LukaszFabianski,KurtZouma,VladimírCoufal,AaronCresswell,ThiloKehrer,DeclanRice,TomásSoucek,JarrodBowen,PabloFornals,SaïdBenrahma,MichailAntonio,RobertSánchez,AdamWebster,LewisDunk,JoëlVeltman,MoisésCaicedo,PascalGroß,LeandroTrossard,AlexisMacAllister,SollyMarch,DannyWelbeck,AdamLallana
30,2022-08-27,Arsenal,Fulham,AaronRamsdale,WilliamSaliba,KieranTierney,BenWhite,GabrielMagalhães,MartinØdegaard,MohamedElneny,GranitXhaka,BukayoSaka,GabrielMartinelli,GabrielJesus,BerndLeno,AntoneeRobinson,TosinAdarabioyo,TimReam,KennyTete,BobbyDeCordova-Reid,JoãoPalhinha,AndreasPereira,HarrisonReed,NeeskensKebano,AleksandarMitrovic
31,2022-08-28,Aston Villa,West Ham United,EmilianoMartínez,LucasDigne,CalumChambers,MattyCash,EzriKonsa,PhilippeCoutinho,DouglasLuiz,JohnMcGinn,BoubacarKamara,DannyIngs,OllieWatkins,LukaszFabianski,AaronCresswell,ThiloKehrer,KurtZouma,PabloFornals,DeclanRice,Emerson,BenJohnson,TomásSoucek,JarrodBowen,GianlucaScamacca
32,2022-08-27,Brentford,Everton,DavidRaya,RicoHenry,Zanka,AaronHickey,BenMee,ChristianNørgaard,JoshDasilva,MathiasJensen,YoaneWissa,BryanMbeumo,IvanToney,JordanPickford,MasonHolgate,JamesTarkowski,ConorCoady,AmadouOnana,AlexIwobi,VitaliiMykolenko,NathanPatterson,DwightMcNeil,DemaraiGray,AnthonyGordon
33,2022-08-27,Brighton & Hove Albion,Leeds United,RobertSánchez,LewisDunk,AdamWebster,PervisEstupiñán,JoëlVeltman,AlexisMacAllister,LeandroTrossard,MoisésCaicedo,SollyMarch,DannyWelbeck,PascalGroß,IllanMeslier,PascalStruijk,RobinKoch,DiegoLlorente,RasmusKristensen,TylerAdams,MarcRoca,DanJames,JackHarrison,BrendenAaronson,Rodrigo
34,2022-08-27,Chelsea,Leicester City,ÉdouardMendy,TrevohChalobah,MarcCucurella,ReeceJames,ThiagoSilva,Jorginho,ConorGallagher,MasonMount,RubenLoftus-Cheek,KaiHavertz,RaheemSterling,DannyWard,JamesJustin,TimothyCastagne,JonnyEvans,DanielAmartey,YouriTielemans,HarveyBarnes,BoubakarySoumaré,KiernanDewsbury-Hall,DennisPraet,JamieVardy
35,2022-08-27,Liverpool,Bournemouth,Alisson,VirgilvanDijk,JoeGomez,AndrewRobertson,TrentAlexander-Arnold,JordanHenderson,HarveyElliott,Fabinho,LuisDíaz,RobertoFirmino,MohamedSalah,MarkTravers,MarcosSenesi,JordanZemura,ChrisMepham,AdamSmith,LewisCook,JeffersonLerma,JaidonAnthony,RyanChristie,MarcusTavernier,KiefferMoore
36,2022-08-27,Manchester City,Crystal Palace,Ederson,JoãoCancelo,RúbenDias,KyleWalker,JohnStones,PhilFoden,Rodri,KevinDeBruyne,RiyadMahrez,BernardoSilva,ErlingHaaland,VicenteGuaita,TyrickMitchell,JoelWard,NathanielClyne,JoachimAndersen,MarcGuéhi,CheickDoucouré,JeffreySchlupp,EberechiEze,JordanAyew,OdsonneÉdouard
37,2022-08-28,Nottingham Forest,Tottenham Hotspur,DeanHenderson,ScottMcKenna,SteveCook,JoeWorrall,NecoWilliams,HarryToffolo,LewisO'Brien,RyanYates,MorganGibbs-White,BrennanJohnson,JesseLingard,HugoLloris,EricDier,BenDavies,DavinsonSánchez,RodrigoBentancur,Pierre-EmileHøjbjerg,IvanPerisic,EmersonRoyal,HarryKane,SonHeung-Min,DejanKulusevski
38,2022-08-27,Southampton,Manchester United,GavinBazunu,MoussaDjenepo,KyleWalker-Peters,MohammedSalisu,ArmelBella-Kotchap,JoeAribo,MohamedElyounoussi,RoméoLavia,JamesWard-Prowse,AdamArmstrong,ChéAdams,DaviddeGea,DiogoDalot,TyrellMalacia,RaphaëlVarane,LisandroMartínez,AnthonyElanga,ChristianEriksen,BrunoFernandes,JadonSancho,ScottMcTominay,MarcusRashford
39,2022-08-28,Wolverhampton Wanderers,Newcastle United,JoséSá,Jonny,MaximilianKilman,NathanCollins,NélsonSemedo,JoãoMoutinho,RúbenNeves,MatheusNunes,GonçaloGuedes,RaúlJiménez,PedroNeto,NickPope,SvenBotman,DanBurn,FabianSchär,KieranTrippier,SeanLongstaff,Joelinton,JoeWillock,ChrisWood,MiguelAlmirón,AllanSaint-Maximin
40,2022-08-31,Arsenal,Aston Villa,AaronRamsdale,BenWhite,GabrielMagalhães,WilliamSaliba,KieranTierney,GranitXhaka,MartinØdegaard,AlbertSambiLokonga,BukayoSaka,GabrielJesus,GabrielMartinelli,EmilianoMartínez,EzriKonsa,TyroneMings,MattyCash,LucasDigne,JacobRamsey,BoubacarKamara,JohnMcGinn,LeonBailey,EmilianoBuendía,OllieWatkins
41,2022-08-31,Bournemouth,Wolverhampton Wanderers,Neto,ChrisMepham,AdamSmith,JordanZemura,LloydKelly,LewisCook,RyanChristie,JeffersonLerma,MarcusTavernier,DominicSolanke,PhilipBilling,JoséSá,NathanCollins,Jonny,MaximilianKilman,NélsonSemedo,MatheusNunes,JoãoMoutinho,RúbenNeves,RaúlJiménez,GonçaloGuedes,PedroNeto
42,2022-08-30,Crystal Palace,Brentford,VicenteGuaita,JoachimAndersen,JoelWard,NathanielClyne,MarcGuéhi,MichaelOlise,CheickDoucouré,JeffreySchlupp,WilfriedZaha,EberechiEze,Jean-PhilippeMateta,DavidRaya,AaronHickey,BenMee,RicoHenry,Zanka,MathiasJensen,VitalyJanelt,ShandonBaptiste,BryanMbeumo,IvanToney,KeaneLewis-Potter
43,2022-08-30,Fulham,Brighton & Hove Albion,BerndLeno,AntoneeRobinson,TosinAdarabioyo,KennyTete,TimReam,BobbyDeCordova-Reid,JoãoPalhinha,AndreasPereira,HarrisonReed,NeeskensKebano,AleksandarMitrovic,RobertSánchez,LewisDunk,AdamWebster,JoëlVeltman,PervisEstupiñán,AlexisMacAllister,MoisésCaicedo,SollyMarch,EnockMwepu,LeandroTrossard,PascalGroß
44,2022-08-30,Leeds United,Everton,IllanMeslier,PascalStruijk,RobinKoch,DiegoLlorente,RasmusKristensen,TylerAdams,MarcRoca,JackHarrison,LuisSinisterra,BrendenAaronson,Rodrigo,JordanPickford,ConorCoady,JamesTarkowski,VitaliiMykolenko,NathanPatterson,AmadouOnana,AlexIwobi,TomDavies,DwightMcNeil,AnthonyGordon,DemaraiGray
45,2022-09-01,Leicester City,Manchester United,DannyWard,LukeThomas,WilfredNdidi,JonnyEvans,JamesJustin,JamesMaddison,KiernanDewsbury-Hall,BoubakarySoumaré,HarveyBarnes,YouriTielemans,JamieVardy,DaviddeGea,RaphaëlVarane,LisandroMartínez,DiogoDalot,TyrellMalacia,AnthonyElanga,JadonSancho,ScottMcTominay,BrunoFernandes,ChristianEriksen,MarcusRashford
46,2022-08-31,West Ham United,Tottenham Hotspur,LukaszFabianski,KurtZouma,VladimírCoufal,ThiloKehrer,AaronCresswell,DeclanRice,JarrodBowen,PabloFornals,SaïdBenrahma,TomásSoucek,MichailAntonio,HugoLloris,DavinsonSánchez,BenDavies,EricDier,YvesBissouma,IvanPerisic,Pierre-EmileHøjbjerg,EmersonRoyal,SonHeung-Min,HarryKane,DejanKulusevski
47,2022-08-31,Liverpool,Newcastle United,Alisson,AndrewRobertson,TrentAlexander-Arnold,VirgilvanDijk,JoeGomez,JordanHenderson,Fabinho,HarveyElliott,RobertoFirmino,LuisDíaz,MohamedSalah,NickPope,JamaalLascelles,MattTargett,KieranTrippier,DanBurn,JoeWillock,SeanLongstaff,Joelinton,RyanFraser,MiguelAlmirón,AlexanderIsak
48,2022-08-31,Manchester City,Nottingham Forest,Ederson,JoãoCancelo,RúbenDias,KyleWalker,JohnStones,PhilFoden,JuliánÁlvarez,Rodri,IlkayGündogan,BernardoSilva,ErlingHaaland,DeanHenderson,ScottMcKenna,NecoWilliams,CheikhouKouyaté,RenanLodi,JoeWorrall,RemoFreuler,LewisO'Brien,RyanYates,MorganGibbs-White,BrennanJohnson
49,2022-08-30,Southampton,Chelsea,GavinBazunu,KyleWalker-Peters,MohammedSalisu,ArmelBella-Kotchap,RomainPerraud,MohamedElyounoussi,RoméoLavia,IbrahimaDiallo,JamesWard-Prowse,AdamArmstrong,ChéAdams,ÉdouardMendy,ThiagoSilva,CésarAzpilicueta,MarcCucurella,KalidouKoulibaly,RubenLoftus-Cheek,MasonMount,HakimZiyech,Jorginho,RaheemSterling,KaiHavertz
50,2022-09-03,Aston Villa,Manchester City,EmilianoMartínez,LucasDigne,TyroneMings,EzriKonsa,MattyCash,JohnMcGinn,DouglasLuiz,JacobRamsey,BoubacarKamara,LeonBailey,OllieWatkins,Ederson,JohnStones,RúbenDias,KyleWalker,JoãoCancelo,KevinDeBruyne,IlkayGündogan,Rodri,PhilFoden,BernardoSilva,ErlingHaaland
51,2022-09-03,Brentford,Leeds United,DavidRaya,PontusJansson,AaronHickey,BenMee,RicoHenry,MathiasJensen,VitalyJanelt,ShandonBaptiste,BryanMbeumo,KeaneLewis-Potter,IvanToney,IllanMeslier,CodyDrameh,DiegoLlorente,RobinKoch,PascalStruijk,JackHarrison,TylerAdams,LuisSinisterra,MarcRoca,BrendenAaronson,JoeGelhardt
52,2022-09-04,Brighton & Hove Albion,Leicester City,RobertSánchez,AdamWebster,JoëlVeltman,LewisDunk,MoisésCaicedo,PascalGroß,SollyMarch,LeandroTrossard,AlexisMacAllister,DannyWelbeck,EnockMwepu,DannyWard,JamesJustin,LukeThomas,WilfredNdidi,JonnyEvans,YouriTielemans,JamesMaddison,BoubakarySoumaré,HarveyBarnes,PatsonDaka,KelechiIheanacho
53,2022-09-03,Chelsea,West Ham United,ÉdouardMendy,KalidouKoulibaly,ThiagoSilva,WesleyFofana,ReeceJames,MarcCucurella,RubenLoftus-Cheek,MateoKovacic,ConorGallagher,ChristianPulisic,RaheemSterling,LukaszFabianski,Emerson,ThiloKehrer,KurtZouma,DeclanRice,TomásSoucek,VladimírCoufal,PabloFornals,LucasPaquetá,JarrodBowen,MichailAntonio
54,2022-09-03,Everton,Liverpool,JordanPickford,NathanPatterson,ConorCoady,JamesTarkowski,VitaliiMykolenko,AmadouOnana,AlexIwobi,TomDavies,NealMaupay,DemaraiGray,AnthonyGordon,Alisson,JoeGomez,TrentAlexander-Arnold,KonstantinosTsimikas,VirgilvanDijk,HarveyElliott,FábioCarvalho,Fabinho,MohamedSalah,LuisDíaz,DarwinNúñez
55,2022-09-04,Manchester United,Arsenal,DaviddeGea,RaphaëlVarane,LisandroMartínez,DiogoDalot,TyrellMalacia,Antony,ChristianEriksen,JadonSancho,ScottMcTominay,BrunoFernandes,MarcusRashford,AaronRamsdale,BenWhite,WilliamSaliba,OleksandrZinchenko,GabrielMagalhães,MartinØdegaard,GranitXhaka,AlbertSambiLokonga,BukayoSaka,GabrielJesus,GabrielMartinelli
56,2022-09-03,Newcastle United,Crystal Palace,NickPope,KieranTrippier,FabianSchär,SvenBotman,MattTargett,Joelinton,SeanLongstaff,JoeWillock,AlexanderIsak,RyanFraser,MiguelAlmirón,VicenteGuaita,JoachimAndersen,MarcGuéhi,JoelWard,TyrickMitchell,JeffreySchlupp,EberechiEze,CheickDoucouré,JordanAyew,WilfriedZaha,Jean-PhilippeMateta
57,2022-09-03,Nottingham Forest,Bournemouth,DeanHenderson,SteveCook,ScottMcKenna,JoeWorrall,NecoWilliams,RyanYates,CheikhouKouyaté,RenanLodi,MorganGibbs-White,JesseLingard,BrennanJohnson,Neto,JordanZemura,ChrisMepham,AdamSmith,LloydKelly,JeffersonLerma,PhilipBilling,MarcusTavernier,RyanChristie,LewisCook,DominicSolanke
58,2022-09-03,Tottenham Hotspur,Fulham,HugoLloris,EricDier,CristianRomero,ClémentLenglet,Pierre-EmileHøjbjerg,RodrigoBentancur,RyanSessegnon,EmersonRoyal,SonHeung-Min,HarryKane,Richarlison,BerndLeno,TimReam,TosinAdarabioyo,AntoneeRobinson,KennyTete,HarrisonReed,BobbyDeCordova-Reid,NeeskensKebano,AndreasPereira,JoãoPalhinha,AleksandarMitrovic
59,2022-09-03,Wolverhampton Wanderers,Southampton,JoséSá,NathanCollins,MaximilianKilman,Jonny,RayanAït-Nouri,RúbenNeves,MatheusNunes,JoãoMoutinho,PedroNeto,SasaKalajdzic,DanielPodence,GavinBazunu,RomainPerraud,KyleWalker-Peters,MohammedSalisu,ArmelBella-Kotchap,IbrahimaDiallo,JamesWard-Prowse,JoeAribo,AdamArmstrong,MohamedElyounoussi,ChéAdams
60,2023-03-01,Arsenal,Everton,AaronRamsdale,BenWhite,OleksandrZinchenko,GabrielMagalhães,WilliamSaliba,MartinØdegaard,Jorginho,GranitXhaka,GabrielMartinelli,BukayoSaka,LeandroTrossard,JordanPickford,MichaelKeane,VitaliiMykolenko,JamesTarkowski,SéamusColeman,AlexIwobi,DwightMcNeil,AmadouOnana,AbdoulayeDoucouré,IdrissaGueye,NealMaupay
61,2023-01-18,Crystal Palace,Manchester United,VicenteGuaita,MarcGuéhi,ChrisRichards,TyrickMitchell,NathanielClyne,OdsonneÉdouard,WilfriedZaha,CheickDoucouré,MichaelOlise,WillHughes,Jean-PhilippeMateta,DaviddeGea,RaphaëlVarane,LisandroMartínez,LukeShaw,AaronWan-Bissaka,MarcusRashford,Antony,ChristianEriksen,BrunoFernandes,Casemiro,WoutWeghorst
62,2023-01-12,Fulham,Chelsea,BerndLeno,KennyTete,AntoneeRobinson,TimReam,TosinAdarabioyo,Willian,HarrisonReed,BobbyDeCordova-Reid,JoãoPalhinha,AndreasPereira,CarlosVinícius,KepaArrizabalaga,ThiagoSilva,TrevohChalobah,KalidouKoulibaly,MateoKovacic,LewisHall,DenisZakaria,CésarAzpilicueta,MasonMount,KaiHavertz,JoãoFélix
63,2023-03-01,Liverpool,Wolverhampton Wanderers,Alisson,IbrahimaKonaté,KonstantinosTsimikas,VirgilvanDijk,TrentAlexander-Arnold,Fabinho,StefanBajcetic,HarveyElliott,DiogoJota,MohamedSalah,DarwinNúñez,JoséSá,CraigDawson,MaximilianKilman,HugoBueno,NélsonSemedo,JoãoMoutinho,RúbenNeves,MatheusNunes,MarioLemina,PabloSarabia,RaúlJiménez
64,2023-01-19,Manchester City,Tottenham Hotspur,Ederson,JohnStones,ManuelAkanji,RicoLewis,NathanAké,JuliánÁlvarez,RiyadMahrez,JackGrealish,Rodri,IlkayGündogan,ErlingHaaland,HugoLloris,EricDier,CristianRomero,BenDavies,RodrigoBentancur,Pierre-EmileHøjbjerg,EmersonRoyal,IvanPerisic,DejanKulusevski,SonHeung-Min,HarryKane
65,2023-03-15,Southampton,Brentford,GavinBazunu,KyleWalker-Peters,JanBednarek,RomainPerraud,ArmelBella-Kotchap,JamesWard-Prowse,MohamedElyounoussi,KamaldeenSulemana,CarlosAlcaraz,IbrahimaDiallo,ChéAdams,DavidRaya,RicoHenry,EthanPinnock,BenMee,AaronHickey,ChristianNørgaard,VitalyJanelt,MathiasJensen,KevinSchade,BryanMbeumo,IvanToney
66,2022-09-16,Aston Villa,Southampton,EmilianoMartínez,EzriKonsa,TyroneMings,AshleyYoung,LucasDigne,JacobRamsey,PhilippeCoutinho,BoubacarKamara,LeonBailey,JohnMcGinn,OllieWatkins,GavinBazunu,RomainPerraud,MohammedSalisu,ArmelBella-Kotchap,KyleWalker-Peters,MohamedElyounoussi,IbrahimaDiallo,JamesWard-Prowse,MoussaDjenepo,AdamArmstrong,ChéAdams
67,2022-09-18,Brentford,Arsenal,DavidRaya,KristofferAjer,BenMee,PontusJansson,RicoHenry,VitalyJanelt,AaronHickey,MathiasJensen,JoshDasilva,IvanToney,BryanMbeumo,AaronRamsdale,GabrielMagalhães,WilliamSaliba,KieranTierney,BenWhite,FábioVieira,ThomasPartey,GranitXhaka,BukayoSaka,GabrielMartinelli,GabrielJesus
68,2023-03-15,Brighton & Hove Albion,Crystal Palace,JasonSteele,LewisDunk,LeviColwill,PervisEstupiñán,JoëlVeltman,MoisésCaicedo,PascalGroß,KaoruMitoma,SollyMarch,AlexisMacAllister,DannyWelbeck,JoeWhitworth,JoachimAndersen,TyrickMitchell,NathanielClyne,MarcGuéhi,AlbertSambiLokonga,JeffreySchlupp,CheickDoucouré,WilfriedZaha,MichaelOlise,OdsonneÉdouard
69,2022-09-18,Everton,West Ham United,AsmirBegovic,JamesTarkowski,VitaliiMykolenko,NathanPatterson,ConorCoady,AlexIwobi,AmadouOnana,IdrissaGueye,AnthonyGordon,NealMaupay,DemaraiGray,LukaszFabianski,KurtZouma,AaronCresswell,VladimírCoufal,ThiloKehrer,PabloFornals,LucasPaquetá,TomásSoucek,JarrodBowen,DeclanRice,MichailAntonio
70,2023-02-08,Manchester United,Leeds United,DaviddeGea,DiogoDalot,LisandroMartínez,LukeShaw,RaphaëlVarane,MarcusRashford,MarcelSabitzer,AlejandroGarnacho,Fred,BrunoFernandes,WoutWeghorst,IllanMeslier,PascalStruijk,LukeAyling,RobinKoch,MaximilianWöber,JackHarrison,WilfriedGnonto,TylerAdams,WestonMcKennie,LuisSinisterra,PatrickBamford
71,2022-09-17,Newcastle United,Bournemouth,NickPope,MattTargett,FabianSchär,KieranTrippier,DanBurn,JoeWillock,BrunoGuimarães,Joelinton,MiguelAlmirón,AlexanderIsak,RyanFraser,Neto,AdamSmith,MarcosSenesi,JordanZemura,ChrisMepham,JeffersonLerma,PhilipBilling,MarcusTavernier,LewisCook,RyanChristie,DominicSolanke
72,2022-09-16,Nottingham Forest,Fulham,DeanHenderson,SteveCook,WillyBoly,ScottMcKenna,RenanLodi,NecoWilliams,RemoFreuler,RyanYates,BrennanJohnson,MorganGibbs-White,TaiwoAwoniyi,BerndLeno,IssaDiop,KennyTete,TimReam,TosinAdarabioyo,JoãoPalhinha,Willian,AndreasPereira,HarrisonReed,BobbyDeCordova-Reid,AleksandarMitrovic
73,2022-09-17,Tottenham Hotspur,Leicester City,HugoLloris,ClémentLenglet,EricDier,DavinsonSánchez,Pierre-EmileHøjbjerg,IvanPerisic,RodrigoBentancur,RyanSessegnon,HarryKane,Richarlison,DejanKulusevski,DannyWard,JonnyEvans,WoutFaes,JamesJustin,TimothyCastagne,YouriTielemans,KiernanDewsbury-Hall,WilfredNdidi,JamesMaddison,HarveyBarnes,PatsonDaka
74,2022-09-17,Wolverhampton Wanderers,Manchester City,JoséSá,Jonny,NathanCollins,MaximilianKilman,RayanAït-Nouri,JoãoMoutinho,MatheusNunes,RúbenNeves,PedroNeto,DanielPodence,GonçaloGuedes,Ederson,JoãoCancelo,RúbenDias,ManuelAkanji,JohnStones,BernardoSilva,Rodri,KevinDeBruyne,PhilFoden,ErlingHaaland,JackGrealish
75,2022-10-01,Arsenal,Tottenham Hotspur,AaronRamsdale,WilliamSaliba,OleksandrZinchenko,BenWhite,GabrielMagalhães,ThomasPartey,GranitXhaka,MartinØdegaard,BukayoSaka,GabrielMartinelli,GabrielJesus,HugoLloris,EricDier,CristianRomero,ClémentLenglet,RodrigoBentancur,EmersonRoyal,IvanPerisic,Pierre-EmileHøjbjerg,SonHeung-Min,Richarlison,HarryKane
76,2022-10-01,Bournemouth,Brentford,Neto,AdamSmith,ChrisMepham,JordanZemura,MarcosSenesi,MarcusTavernier,JeffersonLerma,PhilipBilling,LewisCook,KiefferMoore,DominicSolanke,DavidRaya,RicoHenry,PontusJansson,BenMee,KristofferAjer,VitalyJanelt,ShandonBaptiste,MathiasJensen,IvanToney,BryanMbeumo,MikkelDamsgaard
77,2022-10-01,Crystal Palace,Chelsea,VicenteGuaita,NathanielClyne,JoelWard,MarcGuéhi,TyrickMitchell,CheickDoucouré,EberechiEze,MichaelOlise,OdsonneÉdouard,JordanAyew,WilfriedZaha,KepaArrizabalaga,BenChilwell,ThiagoSilva,WesleyFofana,ReeceJames,KaiHavertz,Jorginho,MasonMount,MateoKovacic,RaheemSterling,Pierre-EmerickAubameyang
78,2022-10-01,Fulham,Newcastle United,BerndLeno,KevinMbabu,TimReam,LayvinKurzawa,TosinAdarabioyo,DanJames,BobbyDeCordova-Reid,NathanielChalobah,HarrisonReed,AndreasPereira,AleksandarMitrovic,NickPope,KieranTrippier,DanBurn,SvenBotman,FabianSchär,SeanLongstaff,JoeWillock,BrunoGuimarães,MiguelAlmirón,JacobMurphy,CallumWilson
79,2022-10-02,Leeds United,Aston Villa,IllanMeslier,PascalStruijk,RasmusKristensen,LiamCooper,RobinKoch,LuisSinisterra,MarcRoca,TylerAdams,JackHarrison,BrendenAaronson,Rodrigo,EmilianoMartínez,AshleyYoung,LudwigAugustinsson,EzriKonsa,TyroneMings,JohnMcGinn,DouglasLuiz,JacobRamsey,PhilippeCoutinho,OllieWatkins,LeonBailey
80,2022-10-03,Leicester City,Nottingham Forest,DannyWard,WoutFaes,JonnyEvans,TimothyCastagne,JamesJustin,KiernanDewsbury-Hall,WilfredNdidi,HarveyBarnes,YouriTielemans,JamesMaddison,JamieVardy,DeanHenderson,NecoWilliams,SteveCook,RenanLodi,ScottMcKenna,BrennanJohnson,CheikhouKouyaté,LewisO'Brien,JesseLingard,MorganGibbs-White,TaiwoAwoniyi
81,2022-10-01,Liverpool,Brighton & Hove Albion,Alisson,JoëlMatip,TrentAlexander-Arnold,VirgilvanDijk,KonstantinosTsimikas,JordanHenderson,Thiago,Fabinho,MohamedSalah,FábioCarvalho,RobertoFirmino,RobertSánchez,AdamWebster,JoëlVeltman,LewisDunk,AlexisMacAllister,MoisésCaicedo,PervisEstupiñán,SollyMarch,PascalGroß,DannyWelbeck,LeandroTrossard
82,2022-10-02,Manchester City,Manchester United,Ederson,KyleWalker,ManuelAkanji,NathanAké,JoãoCancelo,IlkayGündogan,BernardoSilva,KevinDeBruyne,JackGrealish,PhilFoden,ErlingHaaland,DaviddeGea,TyrellMalacia,LisandroMartínez,RaphaëlVarane,DiogoDalot,ChristianEriksen,Antony,BrunoFernandes,JadonSancho,ScottMcTominay,MarcusRashford
83,2022-10-01,Southampton,Everton,GavinBazunu,ArmelBella-Kotchap,DujeCaleta-Car,JuanLarios,KyleWalker-Peters,JoeAribo,AinsleyMaitland-Niles,StuartArmstrong,JamesWard-Prowse,SékouMara,ChéAdams,JordanPickford,JamesTarkowski,VitaliiMykolenko,SéamusColeman,ConorCoady,AlexIwobi,IdrissaGueye,AmadouOnana,DwightMcNeil,DemaraiGray,NealMaupay
84,2022-10-01,West Ham United,Wolverhampton Wanderers,LukaszFabianski,AaronCresswell,CraigDawson,ThiloKehrer,KurtZouma,MaxwelCornet,JarrodBowen,DeclanRice,LucasPaquetá,TomásSoucek,GianlucaScamacca,JoséSá,Jonny,MaximilianKilman,RúbenNeves,MatheusNunes,RayanAït-Nouri,JoãoMoutinho,NélsonSemedo,PedroNeto,GonçaloGuedes,DanielPodence
85,2022-10-09,Arsenal,Liverpool,AaronRamsdale,TakehiroTomiyasu,WilliamSaliba,BenWhite,GabrielMagalhães,ThomasPartey,GranitXhaka,MartinØdegaard,BukayoSaka,GabrielMartinelli,GabrielJesus,Alisson,VirgilvanDijk,TrentAlexander-Arnold,JoëlMatip,KonstantinosTsimikas,Thiago,DiogoJota,MohamedSalah,LuisDíaz,JordanHenderson,DarwinNúñez
86,2022-10-08,Bournemouth,Leicester City,Neto,ChrisMepham,RyanFredericks,MarcosSenesi,AdamSmith,JeffersonLerma,MarcusTavernier,LewisCook,RyanChristie,PhilipBilling,DominicSolanke,DannyWard,JamesJustin,TimothyCastagne,WoutFaes,JonnyEvans,YouriTielemans,JamesMaddison,KiernanDewsbury-Hall,BoubakarySoumaré,HarveyBarnes,PatsonDaka
87,2022-10-08,Brighton & Hove Albion,Tottenham Hotspur,RobertSánchez,AdamWebster,JoëlVeltman,LewisDunk,AlexisMacAllister,MoisésCaicedo,PervisEstupiñán,SollyMarch,PascalGroß,DannyWelbeck,LeandroTrossard,HugoLloris,CristianRomero,BenDavies,EricDier,Pierre-EmileHøjbjerg,RyanSessegnon,RodrigoBentancur,MattDoherty,YvesBissouma,SonHeung-Min,HarryKane
88,2022-10-08,Chelsea,Wolverhampton Wanderers,KepaArrizabalaga,KalidouKoulibaly,MarcCucurella,TrevohChalobah,CésarAzpilicueta,ConorGallagher,ChristianPulisic,Jorginho,RubenLoftus-Cheek,MasonMount,KaiHavertz,JoséSá,Jonny,MaximilianKilman,NélsonSemedo,Toti,MatheusNunes,AdamaTraoré,GonçaloGuedes,DanielPodence,JoãoMoutinho,DiegoCosta
89,2022-10-09,Crystal Palace,Leeds United,VicenteGuaita,JeffreySchlupp,JoelWard,MarcGuéhi,JoachimAndersen,CheickDoucouré,EberechiEze,MichaelOlise,OdsonneÉdouard,JordanAyew,WilfriedZaha,IllanMeslier,PascalStruijk,LiamCooper,RasmusKristensen,RobinKoch,MarcRoca,BrendenAaronson,JackHarrison,Rodrigo,TylerAdams,PatrickBamford
90,2022-10-09,Everton,Manchester United,JordanPickford,JamesTarkowski,VitaliiMykolenko,SéamusColeman,ConorCoady,AlexIwobi,IdrissaGueye,AmadouOnana,DemaraiGray,NealMaupay,AnthonyGordon,DaviddeGea,LukeShaw,LisandroMartínez,VictorLindelöf,DiogoDalot,Casemiro,ChristianEriksen,Antony,MarcusRashford,BrunoFernandes,AnthonyMartial
91,2022-10-08,Manchester City,Southampton,Ederson,ManuelAkanji,RúbenDias,NathanAké,JoãoCancelo,PhilFoden,Rodri,RiyadMahrez,BernardoSilva,KevinDeBruyne,ErlingHaaland,GavinBazunu,ArmelBella-Kotchap,KyleWalker-Peters,RomainPerraud,MohammedSalisu,JoeAribo,JamesWard-Prowse,StuartArmstrong,IbrahimaDiallo,ChéAdams,AdamArmstrong
92,2022-10-08,Newcastle United,Brentford,NickPope,FabianSchär,DanBurn,KieranTrippier,SvenBotman,BrunoGuimarães,JoeWillock,SeanLongstaff,JacobMurphy,MiguelAlmirón,CallumWilson,DavidRaya,KristofferAjer,EthanPinnock,BenMee,RicoHenry,ShandonBaptiste,JoshDasilva,AaronHickey,MathiasJensen,BryanMbeumo,IvanToney
93,2022-10-10,Nottingham Forest,Aston Villa,DeanHenderson,ScottMcKenna,SteveCook,SèrgeAurier,HarryToffolo,RyanYates,CheikhouKouyaté,RemoFreuler,EmmanuelDennis,BrennanJohnson,MorganGibbs-White,EmilianoMartínez,AshleyYoung,EzriKonsa,TyroneMings,MattyCash,JohnMcGinn,DouglasLuiz,JacobRamsey,OllieWatkins,EmilianoBuendía,PhilippeCoutinho
94,2022-10-09,West Ham United,Fulham,LukaszFabianski,KurtZouma,ThiloKehrer,CraigDawson,AaronCresswell,PabloFornals,JarrodBowen,DeclanRice,TomásSoucek,LucasPaquetá,GianlucaScamacca,BerndLeno,BobbyDeCordova-Reid,TimReam,TosinAdarabioyo,AntoneeRobinson,HarrisonReed,JoãoPalhinha,DanJames,NeeskensKebano,AndreasPereira,CarlosVinícius
95,2022-10-16,Aston Villa,Chelsea,EmilianoMartínez,MattyCash,TyroneMings,EzriKonsa,AshleyYoung,JohnMcGinn,DouglasLuiz,JacobRamsey,DannyIngs,OllieWatkins,LeonBailey,KepaArrizabalaga,MarcCucurella,TrevohChalobah,ThiagoSilva,MateoKovacic,BenChilwell,RubenLoftus-Cheek,RaheemSterling,MasonMount,Pierre-EmerickAubameyang,KaiHavertz
96,2022-10-14,Brentford,Brighton & Hove Albion,DavidRaya,BenMee,RicoHenry,KristofferAjer,EthanPinnock,VitalyJanelt,MathiasJensen,FrankOnyeka,YoaneWissa,BryanMbeumo,IvanToney,RobertSánchez,JoëlVeltman,LewisDunk,PervisEstupiñán,AdamWebster,MoisésCaicedo,LeandroTrossard,AlexisMacAllister,SollyMarch,DannyWelbeck,PascalGroß
97,2022-10-15,Fulham,Bournemouth,BerndLeno,TimReam,IssaDiop,BobbyDeCordova-Reid,AntoneeRobinson,DanJames,AndreasPereira,JoãoPalhinha,HarrisonReed,NeeskensKebano,AleksandarMitrovic,Neto,MarcosSenesi,RyanFredericks,ChrisMepham,AdamSmith,JeffersonLerma,RyanChristie,MarcusTavernier,PhilipBilling,LewisCook,DominicSolanke
98,2022-10-16,Leeds United,Arsenal,IllanMeslier,RobinKoch,LiamCooper,RasmusKristensen,PascalStruijk,JackHarrison,MarcRoca,TylerAdams,LuisSinisterra,BrendenAaronson,Rodrigo,AaronRamsdale,WilliamSaliba,BenWhite,TakehiroTomiyasu,GabrielMagalhães,ThomasPartey,GranitXhaka,MartinØdegaard,BukayoSaka,GabrielJesus,GabrielMartinelli
99,2022-10-15,Leicester City,Crystal Palace,DannyWard,WoutFaes,DanielAmartey,JamesJustin,TimothyCastagne,JamesMaddison,BoubakarySoumaré,YouriTielemans,HarveyBarnes,KiernanDewsbury-Hall,PatsonDaka,VicenteGuaita,TyrickMitchell,JoachimAndersen,JoelWard,MarcGuéhi,JeffreySchlupp,CheickDoucouré,EberechiEze,WilfriedZaha,OdsonneÉdouard,JordanAyew
100,2022-10-16,Liverpool,Manchester City,Alisson,AndrewRobertson,JamesMilner,VirgilvanDijk,JoeGomez,Thiago,DiogoJota,HarveyElliott,Fabinho,RobertoFirmino,MohamedSalah,Ederson,RúbenDias,ManuelAkanji,NathanAké,JoãoCancelo,PhilFoden,BernardoSilva,Rodri,KevinDeBruyne,ErlingHaaland,IlkayGündogan
101,2022-10-16,Manchester United,Newcastle United,DaviddeGea,LukeShaw,DiogoDalot,RaphaëlVarane,LisandroMartínez,BrunoFernandes,Antony,Fred,Casemiro,JadonSancho,CristianoRonaldo,NickPope,KieranTrippier,DanBurn,SvenBotman,FabianSchär,Joelinton,BrunoGuimarães,SeanLongstaff,JacobMurphy,CallumWilson,MiguelAlmirón
102,2022-10-16,Southampton,West Ham United,GavinBazunu,KyleWalker-Peters,RomainPerraud,MohammedSalisu,ArmelBella-Kotchap,MohamedElyounoussi,JamesWard-Prowse,AinsleyMaitland-Niles,ChéAdams,AdamArmstrong,JoeAribo,LukaszFabianski,ThiloKehrer,AaronCresswell,BenJohnson,TomásSoucek,DeclanRice,Emerson,VladimírCoufal,JarrodBowen,LucasPaquetá,GianlucaScamacca
103,2022-10-15,Tottenham Hotspur,Everton,HugoLloris,BenDavies,EricDier,CristianRomero,IvanPerisic,MattDoherty,RodrigoBentancur,Pierre-EmileHøjbjerg,SonHeung-Min,HarryKane,Richarlison,JordanPickford,DwightMcNeil,ConorCoady,SéamusColeman,JamesTarkowski,VitaliiMykolenko,AlexIwobi,AmadouOnana,IdrissaGueye,DemaraiGray,NealMaupay
104,2022-10-15,Wolverhampton Wanderers,Nottingham Forest,JoséSá,Jonny,Toti,MaximilianKilman,RayanAït-Nouri,AdamaTraoré,RúbenNeves,DanielPodence,MatheusNunes,JoãoMoutinho,DiegoCosta,DeanHenderson,HarryToffolo,NecoWilliams,ScottMcKenna,SteveCook,CheikhouKouyaté,RemoFreuler,RyanYates,EmmanuelDennis,MorganGibbs-White,BrennanJohnson
105,2023-02-15,Arsenal,Manchester City,AaronRamsdale,GabrielMagalhães,WilliamSaliba,TakehiroTomiyasu,OleksandrZinchenko,MartinØdegaard,GranitXhaka,Jorginho,EddieNketiah,GabrielMartinelli,BukayoSaka,Ederson,RúbenDias,NathanAké,BernardoSilva,KyleWalker,RiyadMahrez,KevinDeBruyne,IlkayGündogan,JackGrealish,Rodri,ErlingHaaland
106,2022-10-19,Bournemouth,Southampton,Neto,MarcosSenesi,AdamSmith,ChrisMepham,JeffersonLerma,LewisCook,MarcusTavernier,RyanFredericks,RyanChristie,DominicSolanke,PhilipBilling,GavinBazunu,DujeCaleta-Car,KyleWalker-Peters,MohammedSalisu,RomainPerraud,JamesWard-Prowse,MohamedElyounoussi,AinsleyMaitland-Niles,JoeAribo,AdamArmstrong,ChéAdams
107,2022-10-19,Brentford,Chelsea,DavidRaya,EthanPinnock,BenMee,Zanka,FrankOnyeka,MathiasJensen,RicoHenry,MadsRoerslev,VitalyJanelt,IvanToney,BryanMbeumo,KepaArrizabalaga,TrevohChalobah,CésarAzpilicueta,KalidouKoulibaly,Jorginho,MarcCucurella,RubenLoftus-Cheek,MasonMount,ConorGallagher,ArmandoBroja,KaiHavertz
108,2022-10-18,Brighton & Hove Albion,Nottingham Forest,RobertSánchez,LewisDunk,JoëlVeltman,AdamWebster,LeandroTrossard,AlexisMacAllister,MoisésCaicedo,SollyMarch,PascalGroß,AdamLallana,DannyWelbeck,DeanHenderson,SèrgeAurier,ScottMcKenna,SteveCook,NecoWilliams,RemoFreuler,OrelMangala,RyanYates,JesseLingard,BrennanJohnson,MorganGibbs-White
109,2022-10-18,Crystal Palace,Wolverhampton Wanderers,VicenteGuaita,MarcGuéhi,JoachimAndersen,TyrickMitchell,JoelWard,JeffreySchlupp,CheickDoucouré,EberechiEze,OdsonneÉdouard,WilfriedZaha,MichaelOlise,JoséSá,NélsonSemedo,MaximilianKilman,HugoBueno,NathanCollins,RúbenNeves,BoubacarTraoré,AdamaTraoré,MatheusNunes,DanielPodence,DiegoCosta
110,2022-10-20,Fulham,Aston Villa,BerndLeno,IssaDiop,TimReam,AntoneeRobinson,BobbyDeCordova-Reid,JoãoPalhinha,NeeskensKebano,AndreasPereira,Willian,HarrisonReed,AleksandarMitrovic,EmilianoMartínez,EzriKonsa,TyroneMings,AshleyYoung,JanBednarek,LeonBailey,DouglasLuiz,JacobRamsey,JohnMcGinn,OllieWatkins,DannyIngs
111,2022-10-20,Leicester City,Leeds United,DannyWard,WoutFaes,JamesJustin,TimothyCastagne,DanielAmartey,KiernanDewsbury-Hall,YouriTielemans,HarveyBarnes,BoubakarySoumaré,DennisPraet,JamieVardy,IllanMeslier,RobinKoch,RasmusKristensen,JuniorFirpo,DiegoLlorente,CrysencioSummerville,MarcRoca,TylerAdams,LuisSinisterra,BrendenAaronson,PatrickBamford
112,2022-10-19,Liverpool,West Ham United,Alisson,JoeGomez,VirgilvanDijk,TrentAlexander-Arnold,KonstantinosTsimikas,FábioCarvalho,Thiago,MohamedSalah,JordanHenderson,RobertoFirmino,DarwinNúñez,LukaszFabianski,KurtZouma,BenJohnson,AaronCresswell,ThiloKehrer,FlynnDownes,DeclanRice,TomásSoucek,PabloFornals,JarrodBowen,GianlucaScamacca
113,2022-10-19,Manchester United,Tottenham Hotspur,DaviddeGea,DiogoDalot,RaphaëlVarane,LisandroMartínez,LukeShaw,Antony,Casemiro,Fred,BrunoFernandes,JadonSancho,MarcusRashford,HugoLloris,EricDier,CristianRomero,BenDavies,RodrigoBentancur,IvanPerisic,Pierre-EmileHøjbjerg,MattDoherty,YvesBissouma,HarryKane,SonHeung-Min
114,2022-10-19,Newcastle United,Everton,NickPope,DanBurn,FabianSchär,SvenBotman,KieranTrippier,BrunoGuimarães,Joelinton,SeanLongstaff,MiguelAlmirón,CallumWilson,JacobMurphy,JordanPickford,SéamusColeman,ConorCoady,JamesTarkowski,VitaliiMykolenko,AmadouOnana,AlexIwobi,IdrissaGueye,DemaraiGray,AnthonyGordon,DominicCalvert-Lewin
115,2022-10-23,Aston Villa,Brentford,EmilianoMartínez,MattyCash,EzriKonsa,TyroneMings,AshleyYoung,OllieWatkins,LeonBailey,LeanderDendoncker,EmilianoBuendía,DouglasLuiz,DannyIngs,DavidRaya,EthanPinnock,Zanka,KristofferAjer,VitalyJanelt,RicoHenry,FrankOnyeka,MadsRoerslev,MathiasJensen,BryanMbeumo,IvanToney
116,2022-10-22,Chelsea,Manchester United,KepaArrizabalaga,TrevohChalobah,MarcCucurella,ThiagoSilva,Jorginho,BenChilwell,RubenLoftus-Cheek,CésarAzpilicueta,Pierre-EmerickAubameyang,RaheemSterling,MasonMount,DaviddeGea,DiogoDalot,RaphaëlVarane,LisandroMartínez,LukeShaw,Antony,ChristianEriksen,BrunoFernandes,Casemiro,JadonSancho,MarcusRashford
117,2022-10-22,Everton,Crystal Palace,JordanPickford,SéamusColeman,VitaliiMykolenko,JamesTarkowski,ConorCoady,AmadouOnana,DemaraiGray,AlexIwobi,AnthonyGordon,IdrissaGueye,DominicCalvert-Lewin,VicenteGuaita,MarcGuéhi,TyrickMitchell,JoachimAndersen,JoelWard,LukaMilivojevic,JordanAyew,WilfriedZaha,MichaelOlise,EberechiEze,OdsonneÉdouard
118,2022-10-23,Leeds United,Fulham,IllanMeslier,LukeAyling,PascalStruijk,LiamCooper,RobinKoch,BrendenAaronson,JackHarrison,LuisSinisterra,MarcRoca,SamGreenwood,Rodrigo,BerndLeno,BobbyDeCordova-Reid,AntoneeRobinson,TosinAdarabioyo,TimReam,JoãoPalhinha,AndreasPereira,Willian,HarrisonReed,HarryWilson,AleksandarMitrovic
119,2022-10-22,Manchester City,Brighton & Hove Albion,Ederson,ManuelAkanji,JoãoCancelo,RúbenDias,AymericLaporte,Rodri,BernardoSilva,KevinDeBruyne,ErlingHaaland,JackGrealish,RiyadMahrez,RobertSánchez,LewisDunk,AdamWebster,JoëlVeltman,SollyMarch,MoisésCaicedo,LeandroTrossard,AlexisMacAllister,DannyWelbeck,PascalGroß,AdamLallana
120,2022-10-22,Nottingham Forest,Liverpool,DeanHenderson,ScottMcKenna,SèrgeAurier,NecoWilliams,SteveCook,RyanYates,RemoFreuler,CheikhouKouyaté,MorganGibbs-White,JesseLingard,TaiwoAwoniyi,Alisson,JoeGomez,VirgilvanDijk,AndrewRobertson,JamesMilner,CurtisJones,Fabinho,FábioCarvalho,HarveyElliott,RobertoFirmino,MohamedSalah
121,2022-10-23,Southampton,Arsenal,GavinBazunu,Lyanco,MohammedSalisu,RomainPerraud,DujeCaleta-Car,StuartArmstrong,JamesWard-Prowse,MohamedElyounoussi,IbrahimaDiallo,JoeAribo,AdamArmstrong,AaronRamsdale,WilliamSaliba,GabrielMagalhães,TakehiroTomiyasu,BenWhite,GranitXhaka,MartinØdegaard,ThomasPartey,GabrielMartinelli,BukayoSaka,GabrielJesus
122,2022-10-23,Tottenham Hotspur,Newcastle United,HugoLloris,DavinsonSánchez,EricDier,ClémentLenglet,YvesBissouma,RodrigoBentancur,OliverSkipp,RyanSessegnon,EmersonRoyal,SonHeung-Min,HarryKane,NickPope,KieranTrippier,SvenBotman,FabianSchär,DanBurn,BrunoGuimarães,SeanLongstaff,JoeWillock,Joelinton,CallumWilson,MiguelAlmirón
123,2022-10-24,West Ham United,Bournemouth,LukaszFabianski,ThiloKehrer,BenJohnson,KurtZouma,AaronCresswell,DeclanRice,JarrodBowen,FlynnDownes,SaïdBenrahma,TomásSoucek,GianlucaScamacca,Neto,AdamSmith,RyanFredericks,MarcosSenesi,ChrisMepham,MarcusTavernier,LewisCook,PhilipBilling,RyanChristie,JeffersonLerma,DominicSolanke
124,2022-10-23,Wolverhampton Wanderers,Leicester City,JoséSá,NathanCollins,HugoBueno,MaximilianKilman,Jonny,AdamaTraoré,RúbenNeves,JoãoMoutinho,MatheusNunes,DanielPodence,DiegoCosta,DannyWard,WoutFaes,JamesJustin,TimothyCastagne,DanielAmartey,YouriTielemans,HarveyBarnes,BoubakarySoumaré,JamesMaddison,KiernanDewsbury-Hall,PatsonDaka
125,2022-10-30,Arsenal,Nottingham Forest,AaronRamsdale,TakehiroTomiyasu,BenWhite,GabrielMagalhães,WilliamSaliba,GranitXhaka,ThomasPartey,MartinØdegaard,BukayoSaka,GabrielMartinelli,GabrielJesus,DeanHenderson,ScottMcKenna,RenanLodi,SteveCook,SèrgeAurier,RemoFreuler,CheikhouKouyaté,RyanYates,JesseLingard,MorganGibbs-White,TaiwoAwoniyi
126,2022-10-29,Bournemouth,Tottenham Hotspur,MarkTravers,MarcosSenesi,AdamSmith,ChrisMepham,JordanZemura,PhilipBilling,JeffersonLerma,LewisCook,MarcusTavernier,DominicSolanke,KiefferMoore,HugoLloris,DavinsonSánchez,ClémentLenglet,BenDavies,Pierre-EmileHøjbjerg,EmersonRoyal,YvesBissouma,RyanSessegnon,OliverSkipp,HarryKane,SonHeung-Min
127,2022-10-29,Brentford,Wolverhampton Wanderers,DavidRaya,EthanPinnock,KristofferAjer,BenMee,RicoHenry,MathiasJensen,VitalyJanelt,JoshDasilva,BryanMbeumo,YoaneWissa,IvanToney,JoséSá,NathanCollins,NélsonSemedo,MaximilianKilman,HugoBueno,DanielPodence,MatheusNunes,AdamaTraoré,RúbenNeves,BoubacarTraoré,DiegoCosta
128,2022-10-29,Brighton & Hove Albion,Chelsea,RobertSánchez,AdamWebster,PascalGroß,LewisDunk,PervisEstupiñán,SollyMarch,KaoruMitoma,AlexisMacAllister,MoisésCaicedo,AdamLallana,LeandroTrossard,KepaArrizabalaga,MarcCucurella,TrevohChalobah,ThiagoSilva,ChristianPulisic,RaheemSterling,MateoKovacic,RubenLoftus-Cheek,KaiHavertz,ConorGallagher,MasonMount
129,2022-10-29,Crystal Palace,Southampton,VicenteGuaita,JoelWard,TyrickMitchell,MarcGuéhi,JoachimAndersen,LukaMilivojevic,EberechiEze,JeffreySchlupp,MichaelOlise,OdsonneÉdouard,WilfriedZaha,GavinBazunu,MohammedSalisu,DujeCaleta-Car,Lyanco,IbrahimaDiallo,StuartArmstrong,MohamedElyounoussi,JamesWard-Prowse,RomainPerraud,JoeAribo,ChéAdams
130,2022-10-29,Fulham,Everton,BerndLeno,TimReam,BobbyDeCordova-Reid,IssaDiop,AntoneeRobinson,NeeskensKebano,AndreasPereira,Willian,JoãoPalhinha,HarrisonReed,AleksandarMitrovic,JordanPickford,SéamusColeman,VitaliiMykolenko,JamesTarkowski,ConorCoady,AlexIwobi,DemaraiGray,IdrissaGueye,AnthonyGordon,AmadouOnana,DominicCalvert-Lewin
131,2022-10-29,Leicester City,Manchester City,DannyWard,DanielAmartey,ÇaglarSöyüncü,WoutFaes,YouriTielemans,JamesJustin,TimothyCastagne,KiernanDewsbury-Hall,JamieVardy,JamesMaddison,HarveyBarnes,Ederson,AymericLaporte,JoãoCancelo,ManuelAkanji,JohnStones,KevinDeBruyne,IlkayGündogan,Rodri,BernardoSilva,JuliánÁlvarez,JackGrealish
132,2022-10-29,Liverpool,Leeds United,Alisson,TrentAlexander-Arnold,VirgilvanDijk,AndrewRobertson,JoeGomez,Fabinho,Thiago,RobertoFirmino,HarveyElliott,MohamedSalah,DarwinNúñez,IllanMeslier,RasmusKristensen,PascalStruijk,RobinKoch,LiamCooper,JackHarrison,BrendenAaronson,TylerAdams,MarcRoca,CrysencioSummerville,Rodrigo
133,2022-10-30,Manchester United,West Ham United,DaviddeGea,HarryMaguire,DiogoDalot,LisandroMartínez,LukeShaw,AnthonyElanga,ChristianEriksen,Casemiro,BrunoFernandes,MarcusRashford,CristianoRonaldo,LukaszFabianski,ThiloKehrer,AaronCresswell,KurtZouma,CraigDawson,TomásSoucek,FlynnDownes,SaïdBenrahma,DeclanRice,JarrodBowen,GianlucaScamacca
134,2022-10-29,Newcastle United,Aston Villa,NickPope,SvenBotman,FabianSchär,DanBurn,KieranTrippier,JoeWillock,SeanLongstaff,BrunoGuimarães,CallumWilson,Joelinton,MiguelAlmirón,EmilianoMartínez,MattyCash,EzriKonsa,TyroneMings,AshleyYoung,DouglasLuiz,OllieWatkins,LeanderDendoncker,EmilianoBuendía,LeonBailey,DannyIngs
135,2022-11-06,Aston Villa,Manchester United,EmilianoMartínez,TyroneMings,LucasDigne,MattyCash,EzriKonsa,LeanderDendoncker,JacobRamsey,EmilianoBuendía,DouglasLuiz,OllieWatkins,LeonBailey,DaviddeGea,VictorLindelöf,LisandroMartínez,DiogoDalot,LukeShaw,ChristianEriksen,AlejandroGarnacho,Casemiro,DonnyvandeBeek,MarcusRashford,CristianoRonaldo
136,2022-11-06,Chelsea,Arsenal,ÉdouardMendy,ThiagoSilva,MarcCucurella,CésarAzpilicueta,TrevohChalobah,RaheemSterling,RubenLoftus-Cheek,KaiHavertz,MasonMount,Jorginho,Pierre-EmerickAubameyang,AaronRamsdale,WilliamSaliba,BenWhite,GabrielMagalhães,OleksandrZinchenko,MartinØdegaard,ThomasPartey,GranitXhaka,BukayoSaka,GabrielJesus,GabrielMartinelli
137,2022-11-05,Everton,Leicester City,JordanPickford,JamesTarkowski,ConorCoady,SéamusColeman,VitaliiMykolenko,AmadouOnana,IdrissaGueye,AlexIwobi,DominicCalvert-Lewin,DemaraiGray,DwightMcNeil,DannyWard,DanielAmartey,WoutFaes,TimothyCastagne,JamesJustin,YouriTielemans,BoubakarySoumaré,KiernanDewsbury-Hall,HarveyBarnes,JamesMaddison,PatsonDaka
138,2022-11-05,Leeds United,Bournemouth,IllanMeslier,RobinKoch,LiamCooper,RasmusKristensen,PascalStruijk,CrysencioSummerville,TylerAdams,JackHarrison,MarcRoca,BrendenAaronson,Rodrigo,MarkTravers,ChrisMepham,RyanFredericks,MarcosSenesi,AdamSmith,MarcusTavernier,PhilipBilling,LewisCook,JeffersonLerma,DominicSolanke,KiefferMoore
139,2022-11-05,Manchester City,Fulham,Ederson,NathanAké,JohnStones,JoãoCancelo,ManuelAkanji,IlkayGündogan,KevinDeBruyne,Rodri,JuliánÁlvarez,BernardoSilva,JackGrealish,BerndLeno,AntoneeRobinson,KennyTete,TimReam,IssaDiop,JoãoPalhinha,HarrisonReed,Willian,AndreasPereira,HarryWilson,CarlosVinícius
140,2022-11-05,Nottingham Forest,Brentford,DeanHenderson,SteveCook,NecoWilliams,SèrgeAurier,ScottMcKenna,RyanYates,RemoFreuler,CheikhouKouyaté,MorganGibbs-White,BrennanJohnson,EmmanuelDennis,DavidRaya,EthanPinnock,BenMee,MadsRoerslev,RicoHenry,VitalyJanelt,JoshDasilva,MathiasJensen,YoaneWissa,BryanMbeumo,KeaneLewis-Potter
141,2022-11-06,Southampton,Newcastle United,GavinBazunu,MohammedSalisu,RomainPerraud,JuanLarios,ArmelBella-Kotchap,ChéAdams,AinsleyMaitland-Niles,JamesWard-Prowse,MohamedElyounoussi,StuartArmstrong,TheoWalcott,NickPope,KieranTrippier,FabianSchär,SvenBotman,DanBurn,JoeWillock,BrunoGuimarães,SeanLongstaff,MiguelAlmirón,CallumWilson,JacobMurphy
142,2022-11-06,Tottenham Hotspur,Liverpool,HugoLloris,RyanSessegnon,EmersonRoyal,BenDavies,EricDier,ClémentLenglet,RodrigoBentancur,Pierre-EmileHøjbjerg,YvesBissouma,IvanPerisic,HarryKane,Alisson,TrentAlexander-Arnold,VirgilvanDijk,AndrewRobertson,IbrahimaKonaté,Fabinho,RobertoFirmino,HarveyElliott,Thiago,MohamedSalah,DarwinNúñez
143,2022-11-06,West Ham United,Crystal Palace,LukaszFabianski,ThiloKehrer,AaronCresswell,CraigDawson,KurtZouma,JarrodBowen,DeclanRice,TomásSoucek,LucasPaquetá,SaïdBenrahma,GianlucaScamacca,VicenteGuaita,NathanielClyne,JoachimAndersen,TyrickMitchell,MarcGuéhi,CheickDoucouré,JeffreySchlupp,MichaelOlise,EberechiEze,WilfriedZaha,JordanAyew
144,2022-11-05,Wolverhampton Wanderers,Brighton & Hove Albion,JoséSá,NathanCollins,MaximilianKilman,HugoBueno,NélsonSemedo,JoãoMoutinho,RúbenNeves,BoubacarTraoré,GonçaloGuedes,DanielPodence,HwangHee-Chan,RobertSánchez,AdamWebster,PervisEstupiñán,PascalGroß,LewisDunk,AdamLallana,AlexisMacAllister,KaoruMitoma,SollyMarch,MoisésCaicedo,LeandroTrossard
145,2022-11-12,Bournemouth,Everton,MarkTravers,AdamSmith,MarcosSenesi,JordanZemura,JackStephens,MarcusTavernier,PhilipBilling,LewisCook,JeffersonLerma,KiefferMoore,DominicSolanke,JordanPickford,ConorCoady,JamesTarkowski,VitaliiMykolenko,NathanPatterson,AmadouOnana,IdrissaGueye,AlexIwobi,DwightMcNeil,DemaraiGray,NealMaupay
146,2022-11-13,Brighton & Hove Albion,Aston Villa,RobertSánchez,LeviColwill,PascalGroß,LewisDunk,PervisEstupiñán,MoisésCaicedo,LeandroTrossard,SollyMarch,AdamLallana,AlexisMacAllister,DannyWelbeck,EmilianoMartínez,TyroneMings,MattyCash,LucasDigne,EzriKonsa,BoubacarKamara,JacobRamsey,DouglasLuiz,JohnMcGinn,DannyIngs,EmilianoBuendía
147,2022-11-13,Fulham,Manchester United,BerndLeno,TimReam,IssaDiop,AntoneeRobinson,BobbyDeCordova-Reid,JoãoPalhinha,Willian,AndreasPereira,HarryWilson,TomCairney,CarlosVinícius,DaviddeGea,VictorLindelöf,LukeShaw,TyrellMalacia,LisandroMartínez,ChristianEriksen,AnthonyElanga,BrunoFernandes,Casemiro,MarcusRashford,AnthonyMartial
148,2022-11-12,Liverpool,Southampton,Alisson,VirgilvanDijk,TrentAlexander-Arnold,AndrewRobertson,JoeGomez,Fabinho,Thiago,HarveyElliott,RobertoFirmino,MohamedSalah,DarwinNúñez,GavinBazunu,MohamedElyounoussi,RomainPerraud,MohammedSalisu,ArmelBella-Kotchap,DujeCaleta-Car,JamesWard-Prowse,StuartArmstrong,RoméoLavia,AdamArmstrong,ChéAdams
149,2022-11-12,Manchester City,Brentford,Ederson,JohnStones,JoãoCancelo,AymericLaporte,ManuelAkanji,KevinDeBruyne,Rodri,IlkayGündogan,PhilFoden,ErlingHaaland,BernardoSilva,DavidRaya,Zanka,BenMee,EthanPinnock,MadsRoerslev,MathiasJensen,FrankOnyeka,VitalyJanelt,RicoHenry,IvanToney,BryanMbeumo
150,2022-11-12,Newcastle United,Chelsea,NickPope,KieranTrippier,SvenBotman,FabianSchär,DanBurn,SeanLongstaff,JoeWillock,BrunoGuimarães,Joelinton,ChrisWood,MiguelAlmirón,ÉdouardMendy,KalidouKoulibaly,CésarAzpilicueta,TrevohChalobah,Jorginho,MateoKovacic,LewisHall,RubenLoftus-Cheek,ArmandoBroja,MasonMount,ConorGallagher
151,2022-11-12,Nottingham Forest,Crystal Palace,DeanHenderson,RenanLodi,JoeWorrall,SèrgeAurier,WillyBoly,RyanYates,RemoFreuler,CheikhouKouyaté,JesseLingard,BrennanJohnson,MorganGibbs-White,VicenteGuaita,TyrickMitchell,NathanielClyne,MarcGuéhi,JoachimAndersen,MichaelOlise,CheickDoucouré,JeffreySchlupp,JordanAyew,EberechiEze,WilfriedZaha
152,2022-11-12,Tottenham Hotspur,Leeds United,HugoLloris,EricDier,ClémentLenglet,BenDavies,IvanPerisic,RodrigoBentancur,Pierre-EmileHøjbjerg,EmersonRoyal,Richarlison,DejanKulusevski,HarryKane,IllanMeslier,PascalStruijk,LiamCooper,RobinKoch,RasmusKristensen,TylerAdams,CrysencioSummerville,MarcRoca,WilfriedGnonto,BrendenAaronson,Rodrigo
153,2022-11-12,West Ham United,Leicester City,LukaszFabianski,ThiloKehrer,KurtZouma,AaronCresswell,CraigDawson,SaïdBenrahma,LucasPaquetá,TomásSoucek,JarrodBowen,DeclanRice,GianlucaScamacca,DannyWard,WoutFaes,DanielAmartey,LukeThomas,TimothyCastagne,BoubakarySoumaré,KiernanDewsbury-Hall,YouriTielemans,JamesMaddison,HarveyBarnes,PatsonDaka
154,2022-11-12,Wolverhampton Wanderers,Arsenal,JoséSá,HugoBueno,NélsonSemedo,NathanCollins,MaximilianKilman,Toti,JoãoMoutinho,BoubacarTraoré,RúbenNeves,GonçaloGuedes,AdamaTraoré,AaronRamsdale,WilliamSaliba,OleksandrZinchenko,GabrielMagalhães,BenWhite,GranitXhaka,ThomasPartey,MartinØdegaard,GabrielJesus,BukayoSaka,GabrielMartinelli
155,2022-12-26,Arsenal,West Ham United,AaronRamsdale,GabrielMagalhães,WilliamSaliba,BenWhite,KieranTierney,MartinØdegaard,ThomasPartey,GranitXhaka,BukayoSaka,EddieNketiah,GabrielMartinelli,LukaszFabianski,CraigDawson,ThiloKehrer,VladimírCoufal,AaronCresswell,JarrodBowen,DeclanRice,TomásSoucek,SaïdBenrahma,LucasPaquetá,MichailAntonio
156,2022-12-26,Aston Villa,Liverpool,RobinOlsen,EzriKonsa,TyroneMings,LucasDigne,AshleyYoung,BoubacarKamara,JohnMcGinn,DouglasLuiz,EmilianoBuendía,LeonBailey,OllieWatkins,Alisson,JoëlMatip,AndrewRobertson,TrentAlexander-Arnold,VirgilvanDijk,JordanHenderson,Thiago,Fabinho,AlexOxlade-Chamberlain,MohamedSalah,DarwinNúñez
157,2022-12-26,Brentford,Tottenham Hotspur,DavidRaya,EthanPinnock,Zanka,BenMee,VitalyJanelt,MathiasJensen,MadsRoerslev,ChristianNørgaard,RicoHenry,IvanToney,BryanMbeumo,FraserForster,ClémentLenglet,EricDier,JaphetTanganga,Pierre-EmileHøjbjerg,IvanPerisic,YvesBissouma,MattDoherty,DejanKulusevski,HarryKane,SonHeung-Min
158,2022-12-27,Chelsea,Bournemouth,KepaArrizabalaga,MarcCucurella,ReeceJames,KalidouKoulibaly,ThiagoSilva,DenisZakaria,Jorginho,MasonMount,RaheemSterling,ChristianPulisic,KaiHavertz,MarkTravers,MarcosSenesi,AdamSmith,JordanZemura,LloydKelly,JackStacey,PhilipBilling,JeffersonLerma,LewisCook,DominicSolanke,KiefferMoore
159,2022-12-26,Crystal Palace,Fulham,VicenteGuaita,NathanielClyne,TyrickMitchell,JoachimAndersen,JamesTomkins,MichaelOlise,CheickDoucouré,JeffreySchlupp,JordanAyew,WilfriedZaha,EberechiEze,BerndLeno,IssaDiop,KennyTete,AntoneeRobinson,TimReam,HarrisonReed,Willian,JoãoPalhinha,BobbyDeCordova-Reid,AndreasPereira,AleksandarMitrovic
160,2022-12-26,Everton,Wolverhampton Wanderers,JordanPickford,VitaliiMykolenko,JamesTarkowski,NathanPatterson,YerryMina,IdrissaGueye,AmadouOnana,AlexIwobi,DwightMcNeil,NealMaupay,AnthonyGordon,JoséSá,NathanCollins,MaximilianKilman,NélsonSemedo,HugoBueno,JosephHodge,RúbenNeves,JoãoMoutinho,DanielPodence,HwangHee-Chan,DiegoCosta
161,2022-12-28,Leeds United,Manchester City,IllanMeslier,LiamCooper,RobinKoch,RasmusKristensen,PascalStruijk,MarcRoca,SamGreenwood,AdamForshaw,BrendenAaronson,Rodrigo,WilfriedGnonto,Ederson,RicoLewis,NathanAké,JohnStones,ManuelAkanji,Rodri,IlkayGündogan,KevinDeBruyne,JackGrealish,ErlingHaaland,RiyadMahrez
162,2022-12-26,Leicester City,Newcastle United,DannyWard,DanielAmartey,LukeThomas,TimothyCastagne,WoutFaes,KiernanDewsbury-Hall,DennisPraet,BoubakarySoumaré,YouriTielemans,HarveyBarnes,PatsonDaka,NickPope,KieranTrippier,DanBurn,FabianSchär,SvenBotman,SeanLongstaff,JoeWillock,BrunoGuimarães,Joelinton,ChrisWood,MiguelAlmirón
163,2022-12-27,Manchester United,Nottingham Forest,DaviddeGea,RaphaëlVarane,AaronWan-Bissaka,LukeShaw,TyrellMalacia,Casemiro,MarcusRashford,Antony,BrunoFernandes,ChristianEriksen,AnthonyMartial,WayneHennessey,WillyBoly,SèrgeAurier,RenanLodi,JoeWorrall,OrelMangala,RyanYates,RemoFreuler,BrennanJohnson,JesseLingard,TaiwoAwoniyi
164,2022-12-26,Southampton,Brighton & Hove Albion,GavinBazunu,RomainPerraud,MohammedSalisu,KyleWalker-Peters,Lyanco,SamuelEdozie,MohamedElyounoussi,JamesWard-Prowse,IbrahimaDiallo,MoussaDjenepo,ChéAdams,RobertSánchez,PervisEstupiñán,LeviColwill,LewisDunk,JoëlVeltman,SollyMarch,KaoruMitoma,PascalGroß,AdamLallana,MoisésCaicedo,LeandroTrossard
165,2022-12-31,Bournemouth,Crystal Palace,MarkTravers,LloydKelly,AdamSmith,MarcosSenesi,JordanZemura,LewisCook,JaidonAnthony,JeffersonLerma,PhilipBilling,KiefferMoore,DominicSolanke,VicenteGuaita,NathanielClyne,JoelWard,JoachimAndersen,MarcGuéhi,EberechiEze,CheickDoucouré,WilfriedZaha,MichaelOlise,JeffreySchlupp,JordanAyew
166,2022-12-31,Brighton & Hove Albion,Arsenal,RobertSánchez,LeviColwill,TariqLamptey,LewisDunk,PervisEstupiñán,AdamLallana,BillyGilmour,SollyMarch,KaoruMitoma,PascalGroß,LeandroTrossard,AaronRamsdale,BenWhite,OleksandrZinchenko,WilliamSaliba,GabrielMagalhães,MartinØdegaard,GranitXhaka,ThomasPartey,GabrielMartinelli,BukayoSaka,EddieNketiah
167,2022-12-31,Fulham,Southampton,BerndLeno,KennyTete,IssaDiop,TimReam,AntoneeRobinson,AndreasPereira,HarrisonReed,BobbyDeCordova-Reid,Willian,JoãoPalhinha,AleksandarMitrovic,GavinBazunu,ArmelBella-Kotchap,MohammedSalisu,Lyanco,JamesWard-Prowse,MohamedElyounoussi,AinsleyMaitland-Niles,KyleWalker-Peters,JoeAribo,SamuelEdozie,ChéAdams
168,2022-12-30,Liverpool,Leicester City,Alisson,TrentAlexander-Arnold,VirgilvanDijk,AndrewRobertson,JoëlMatip,HarveyElliott,Thiago,JordanHenderson,MohamedSalah,DarwinNúñez,AlexOxlade-Chamberlain,DannyWard,LukeThomas,DanielAmartey,TimothyCastagne,WoutFaes,WilfredNdidi,AyozePérez,HarveyBarnes,KiernanDewsbury-Hall,BoubakarySoumaré,PatsonDaka
169,2022-12-31,Manchester City,Everton,Ederson,RicoLewis,NathanAké,JohnStones,ManuelAkanji,KevinDeBruyne,BernardoSilva,Rodri,ErlingHaaland,JackGrealish,RiyadMahrez,JordanPickford,BenGodfrey,VitaliiMykolenko,ConorCoady,JamesTarkowski,NathanPatterson,IdrissaGueye,AmadouOnana,AlexIwobi,DemaraiGray,DominicCalvert-Lewin
170,2022-12-31,Newcastle United,Leeds United,NickPope,SvenBotman,FabianSchär,KieranTrippier,DanBurn,BrunoGuimarães,JoeWillock,SeanLongstaff,ChrisWood,Joelinton,MiguelAlmirón,IllanMeslier,PascalStruijk,LukeAyling,RobinKoch,LiamCooper,AdamForshaw,WilfriedGnonto,BrendenAaronson,TylerAdams,JackHarrison,Rodrigo
171,2023-01-01,Nottingham Forest,Chelsea,DeanHenderson,SèrgeAurier,WillyBoly,RenanLodi,JoeWorrall,RemoFreuler,RyanYates,OrelMangala,MorganGibbs-White,TaiwoAwoniyi,BrennanJohnson,KepaArrizabalaga,KalidouKoulibaly,ThiagoSilva,MarcCucurella,CésarAzpilicueta,Jorginho,DenisZakaria,MasonMount,KaiHavertz,ChristianPulisic,RaheemSterling
172,2023-01-01,Tottenham Hotspur,Aston Villa,HugoLloris,ClémentLenglet,BenDavies,CristianRomero,YvesBissouma,IvanPerisic,MattDoherty,Pierre-EmileHøjbjerg,SonHeung-Min,BryanGil,HarryKane,RobinOlsen,EzriKonsa,TyroneMings,AshleyYoung,LucasDigne,EmilianoBuendía,JohnMcGinn,DouglasLuiz,BoubacarKamara,LeonBailey,OllieWatkins
173,2022-12-30,West Ham United,Brentford,LukaszFabianski,CraigDawson,AngeloOgbonna,AaronCresswell,Emerson,VladimírCoufal,DeclanRice,LucasPaquetá,JarrodBowen,SaïdBenrahma,GianlucaScamacca,DavidRaya,EthanPinnock,BenMee,Zanka,MathiasJensen,MadsRoerslev,ChristianNørgaard,RicoHenry,JoshDasilva,IvanToney,BryanMbeumo
174,2022-12-31,Wolverhampton Wanderers,Manchester United,JoséSá,MaximilianKilman,HugoBueno,NathanCollins,NélsonSemedo,JoãoMoutinho,HwangHee-Chan,DanielPodence,RúbenNeves,MatheusNunes,DiegoCosta,DaviddeGea,RaphaëlVarane,AaronWan-Bissaka,TyrellMalacia,LukeShaw,BrunoFernandes,AlejandroGarnacho,ChristianEriksen,Antony,Casemiro,AnthonyMartial
175,2023-01-03,Arsenal,Newcastle United,AaronRamsdale,OleksandrZinchenko,WilliamSaliba,BenWhite,GabrielMagalhães,ThomasPartey,GranitXhaka,MartinØdegaard,GabrielMartinelli,EddieNketiah,BukayoSaka,NickPope,FabianSchär,DanBurn,SvenBotman,KieranTrippier,BrunoGuimarães,JoeWillock,SeanLongstaff,Joelinton,CallumWilson,MiguelAlmirón
176,2023-01-04,Aston Villa,Wolverhampton Wanderers,EmilianoMartínez,LucasDigne,EzriKonsa,AshleyYoung,TyroneMings,EmilianoBuendía,MattyCash,DouglasLuiz,BoubacarKamara,LeonBailey,OllieWatkins,JoséSá,NathanCollins,MaximilianKilman,HugoBueno,NélsonSemedo,RúbenNeves,HwangHee-Chan,DanielPodence,MatheusNunes,JoãoMoutinho,DiegoCosta
177,2023-01-02,Brentford,Liverpool,DavidRaya,Zanka,EthanPinnock,BenMee,MadsRoerslev,MathiasJensen,RicoHenry,ChristianNørgaard,VitalyJanelt,YoaneWissa,BryanMbeumo,Alisson,TrentAlexander-Arnold,KonstantinosTsimikas,IbrahimaKonaté,VirgilvanDijk,Thiago,HarveyElliott,Fabinho,AlexOxlade-Chamberlain,MohamedSalah,DarwinNúñez
178,2023-01-05,Chelsea,Manchester City,KepaArrizabalaga,KalidouKoulibaly,ThiagoSilva,CésarAzpilicueta,MarcCucurella,DenisZakaria,HakimZiyech,MateoKovacic,RaheemSterling,ChristianPulisic,KaiHavertz,Ederson,NathanAké,JohnStones,KyleWalker,BernardoSilva,IlkayGündogan,KevinDeBruyne,Rodri,JoãoCancelo,ErlingHaaland,PhilFoden
179,2023-01-04,Crystal Palace,Tottenham Hotspur,VicenteGuaita,MarcGuéhi,JoachimAndersen,NathanielClyne,JoelWard,JeffreySchlupp,CheickDoucouré,EberechiEze,MichaelOlise,WilfriedZaha,JordanAyew,HugoLloris,ClémentLenglet,CristianRomero,EricDier,OliverSkipp,Pierre-EmileHøjbjerg,MattDoherty,IvanPerisic,SonHeung-Min,HarryKane,BryanGil
180,2023-01-03,Everton,Brighton & Hove Albion,JordanPickford,JamesTarkowski,NathanPatterson,VitaliiMykolenko,ConorCoady,TomDavies,AlexIwobi,IdrissaGueye,DominicCalvert-Lewin,DemaraiGray,DwightMcNeil,RobertSánchez,PervisEstupiñán,LewisDunk,JoëlVeltman,LeviColwill,KaoruMitoma,JeremySarmiento,SollyMarch,PascalGroß,MoisésCaicedo,EvanFerguson
181,2023-01-04,Leeds United,West Ham United,IllanMeslier,PascalStruijk,LukeAyling,LiamCooper,RobinKoch,TylerAdams,WilfriedGnonto,BrendenAaronson,CrysencioSummerville,MarcRoca,Rodrigo,LukaszFabianski,NayefAguerd,ThiloKehrer,CraigDawson,VladimírCoufal,TomásSoucek,LucasPaquetá,DeclanRice,GianlucaScamacca,JarrodBowen,PabloFornals
182,2023-01-03,Leicester City,Fulham,DannyWard,DanielAmartey,LukeThomas,TimothyCastagne,WoutFaes,BoubakarySoumaré,AyozePérez,YouriTielemans,HarveyBarnes,WilfredNdidi,JamieVardy,BerndLeno,TimReam,TosinAdarabioyo,KennyTete,AntoneeRobinson,Willian,BobbyDeCordova-Reid,AndreasPereira,HarrisonReed,JoãoPalhinha,AleksandarMitrovic
183,2023-01-03,Manchester United,Bournemouth,DaviddeGea,AaronWan-Bissaka,LukeShaw,HarryMaguire,VictorLindelöf,BrunoFernandes,ChristianEriksen,MarcusRashford,DonnyvandeBeek,Casemiro,AnthonyMartial,MarkTravers,ChrisMepham,MarcosSenesi,AdamSmith,LloydKelly,RyanChristie,JaidonAnthony,JeffersonLerma,LewisCook,DominicSolanke,PhilipBilling
184,2023-01-04,Southampton,Nottingham Forest,GavinBazunu,ArmelBella-Kotchap,Lyanco,MohammedSalisu,KyleWalker-Peters,MohamedElyounoussi,JamesWard-Prowse,RoméoLavia,RomainPerraud,SékouMara,ChéAdams,DeanHenderson,SèrgeAurier,WillyBoly,RenanLodi,JoeWorrall,OrelMangala,RemoFreuler,MorganGibbs-White,RyanYates,TaiwoAwoniyi,BrennanJohnson
185,2023-01-13,Aston Villa,Leeds United,EmilianoMartínez,TyroneMings,AshleyYoung,LucasDigne,EzriKonsa,DouglasLuiz,BoubacarKamara,JacobRamsey,LeonBailey,EmilianoBuendía,OllieWatkins,IllanMeslier,LiamCooper,LukeAyling,PascalStruijk,RobinKoch,JackHarrison,WilfriedGnonto,TylerAdams,MarcRoca,BrendenAaronson,Rodrigo
186,2023-01-14,Brentford,Bournemouth,DavidRaya,BenMee,EthanPinnock,KristofferAjer,VitalyJanelt,ChristianNørgaard,MathiasJensen,JoshDasilva,YoaneWissa,IvanToney,BryanMbeumo,Neto,MarcosSenesi,LloydKelly,JackStacey,ChrisMepham,JaidonAnthony,RyanChristie,LewisCook,JeffersonLerma,KiefferMoore,PhilipBilling
187,2023-01-14,Brighton & Hove Albion,Liverpool,RobertSánchez,LewisDunk,PascalGroß,PervisEstupiñán,LeviColwill,MoisésCaicedo,KaoruMitoma,AdamLallana,SollyMarch,AlexisMacAllister,EvanFerguson,Alisson,IbrahimaKonaté,TrentAlexander-Arnold,JoëlMatip,AndrewRobertson,Fabinho,AlexOxlade-Chamberlain,Thiago,JordanHenderson,CodyGakpo,MohamedSalah
188,2023-01-15,Chelsea,Crystal Palace,KepaArrizabalaga,LewisHall,ThiagoSilva,BenoîtBadiashile,TrevohChalobah,CarneyChukwuemeka,ConorGallagher,Jorginho,HakimZiyech,MasonMount,KaiHavertz,VicenteGuaita,JoachimAndersen,TyrickMitchell,NathanielClyne,MarcGuéhi,EberechiEze,CheickDoucouré,MichaelOlise,JordanAyew,JeffreySchlupp,WilfriedZaha
189,2023-01-14,Everton,Southampton,JordanPickford,BenGodfrey,JamesTarkowski,ConorCoady,VitaliiMykolenko,SéamusColeman,IdrissaGueye,AmadouOnana,AlexIwobi,DominicCalvert-Lewin,DemaraiGray,GavinBazunu,DujeCaleta-Car,KyleWalker-Peters,MohammedSalisu,Lyanco,SamuelEdozie,RoméoLavia,MohamedElyounoussi,IbrahimaDiallo,JamesWard-Prowse,ChéAdams
190,2023-01-14,Manchester United,Manchester City,DaviddeGea,AaronWan-Bissaka,RaphaëlVarane,TyrellMalacia,LukeShaw,Casemiro,ChristianEriksen,BrunoFernandes,MarcusRashford,Fred,AnthonyMartial,Ederson,JoãoCancelo,KyleWalker,NathanAké,ManuelAkanji,KevinDeBruyne,BernardoSilva,Rodri,PhilFoden,ErlingHaaland,RiyadMahrez
191,2023-01-15,Newcastle United,Fulham,NickPope,KieranTrippier,SvenBotman,DanBurn,FabianSchär,BrunoGuimarães,JoeWillock,SeanLongstaff,Joelinton,CallumWilson,MiguelAlmirón,BerndLeno,KennyTete,TimReam,IssaDiop,LayvinKurzawa,AndreasPereira,BobbyDeCordova-Reid,JoãoPalhinha,HarrisonReed,Willian,AleksandarMitrovic
192,2023-01-14,Nottingham Forest,Leicester City,DeanHenderson,JoeWorrall,RenanLodi,SèrgeAurier,ScottMcKenna,OrelMangala,GustavoScarpa,RemoFreuler,RyanYates,MorganGibbs-White,BrennanJohnson,DannyWard,WoutFaes,LukeThomas,DanielAmartey,TimothyCastagne,NampalysMendy,WilfredNdidi,YouriTielemans,HarveyBarnes,MarcAlbrighton,JamieVardy
193,2023-01-15,Tottenham Hotspur,Arsenal,HugoLloris,EricDier,ClémentLenglet,CristianRomero,Pierre-EmileHøjbjerg,MattDoherty,RyanSessegnon,PapeSarr,HarryKane,SonHeung-Min,DejanKulusevski,AaronRamsdale,WilliamSaliba,GabrielMagalhães,BenWhite,OleksandrZinchenko,ThomasPartey,GranitXhaka,MartinØdegaard,BukayoSaka,EddieNketiah,GabrielMartinelli
194,2023-01-14,Wolverhampton Wanderers,West Ham United,JoséSá,NélsonSemedo,MaximilianKilman,HugoBueno,NathanCollins,HwangHee-Chan,RúbenNeves,MatheusNunes,JoãoMoutinho,DanielPodence,MatheusCunha,LukaszFabianski,AngeloOgbonna,AaronCresswell,NayefAguerd,VladimírCoufal,TomásSoucek,LucasPaquetá,DeclanRice,MichailAntonio,JarrodBowen,PabloFornals
195,2023-01-22,Arsenal,Manchester United,AaronRamsdale,OleksandrZinchenko,GabrielMagalhães,WilliamSaliba,BenWhite,ThomasPartey,MartinØdegaard,GranitXhaka,BukayoSaka,EddieNketiah,GabrielMartinelli,DaviddeGea,LukeShaw,RaphaëlVarane,AaronWan-Bissaka,LisandroMartínez,BrunoFernandes,Antony,ChristianEriksen,ScottMcTominay,MarcusRashford,WoutWeghorst
196,2023-01-21,Bournemouth,Nottingham Forest,Neto,LloydKelly,JordanZemura,AdamSmith,JackStephens,JoeRothwell,DangoOuattara,JeffersonLerma,JaidonAnthony,RyanChristie,KiefferMoore,WayneHennessey,JoeWorrall,RenanLodi,WillyBoly,SèrgeAurier,OrelMangala,RemoFreuler,MorganGibbs-White,RyanYates,BrennanJohnson,ChrisWood
197,2023-01-21,Crystal Palace,Newcastle United,VicenteGuaita,MarcGuéhi,ChrisRichards,JoelWard,TyrickMitchell,EberechiEze,CheickDoucouré,JeffreySchlupp,WilfriedZaha,JordanAyew,OdsonneÉdouard,NickPope,DanBurn,SvenBotman,KieranTrippier,FabianSchär,SeanLongstaff,JoeWillock,BrunoGuimarães,MiguelAlmirón,CallumWilson,Joelinton
198,2023-01-23,Fulham,Tottenham Hotspur,BerndLeno,IssaDiop,AntoneeRobinson,KennyTete,TimReam,AndreasPereira,Willian,HarrisonReed,BobbyDeCordova-Reid,JoãoPalhinha,AleksandarMitrovic,HugoLloris,EricDier,BenDavies,CristianRomero,EmersonRoyal,Pierre-EmileHøjbjerg,IvanPerisic,RodrigoBentancur,HarryKane,SonHeung-Min,DejanKulusevski
199,2023-01-22,Leeds United,Brentford,IllanMeslier,RobinKoch,LukeAyling,PascalStruijk,MaximilianWöber,MarcRoca,TylerAdams,WilfriedGnonto,JackHarrison,BrendenAaronson,Rodrigo,DavidRaya,BenMee,KristofferAjer,EthanPinnock,JoshDasilva,ChristianNørgaard,MathiasJensen,MadsRoerslev,RicoHenry,BryanMbeumo,IvanToney
200,2023-01-21,Leicester City,Brighton & Hove Albion,DannyWard,DanielAmartey,TimothyCastagne,LukeThomas,WoutFaes,NampalysMendy,DennisPraet,YouriTielemans,HarveyBarnes,JamieVardy,KiernanDewsbury-Hall,RobertSánchez,LewisDunk,JanPaulvanHecke,PervisEstupiñán,PascalGroß,MoisésCaicedo,AlexisMacAllister,AdamLallana,KaoruMitoma,SollyMarch,DannyWelbeck
201,2023-01-21,Liverpool,Chelsea,Alisson,JoeGomez,JamesMilner,AndrewRobertson,IbrahimaKonaté,Thiago,NabyKeïta,StefanBajcetic,MohamedSalah,CodyGakpo,HarveyElliott,KepaArrizabalaga,TrevohChalobah,ThiagoSilva,BenoîtBadiashile,LewisHall,MarcCucurella,HakimZiyech,Jorginho,ConorGallagher,KaiHavertz,MasonMount
202,2023-01-22,Manchester City,Wolverhampton Wanderers,Ederson,JohnStones,ManuelAkanji,AymericLaporte,RicoLewis,IlkayGündogan,Rodri,KevinDeBruyne,ErlingHaaland,RiyadMahrez,JackGrealish,JoséSá,MaximilianKilman,HugoBueno,NathanCollins,NélsonSemedo,MarioLemina,MatheusNunes,RúbenNeves,RaúlJiménez,AdamaTraoré,HwangHee-Chan
203,2023-01-21,Southampton,Aston Villa,GavinBazunu,KyleWalker-Peters,MohammedSalisu,Lyanco,DujeCaleta-Car,RoméoLavia,SamuelEdozie,IbrahimaDiallo,AdamArmstrong,JamesWard-Prowse,ChéAdams,EmilianoMartínez,AshleyYoung,EzriKonsa,ÁlexMoreno,TyroneMings,DouglasLuiz,BoubacarKamara,JacobRamsey,EmilianoBuendía,OllieWatkins,LeonBailey
204,2023-01-21,West Ham United,Everton,LukaszFabianski,NayefAguerd,KurtZouma,AngeloOgbonna,Emerson,LucasPaquetá,DeclanRice,VladimírCoufal,MichailAntonio,SaïdBenrahma,JarrodBowen,JordanPickford,ConorCoady,JamesTarkowski,YerryMina,AmadouOnana,SéamusColeman,IdrissaGueye,VitaliiMykolenko,DemaraiGray,DominicCalvert-Lewin,AlexIwobi
205,2023-02-04,Aston Villa,Leicester City,EmilianoMartínez,AshleyYoung,LucasDigne,TyroneMings,EzriKonsa,EmilianoBuendía,JacobRamsey,BoubacarKamara,DouglasLuiz,OllieWatkins,LeonBailey,DannyWard,HarrySouttar,WoutFaes,VictorKristiansen,TimothyCastagne,KiernanDewsbury-Hall,JamesMaddison,Tetê,HarveyBarnes,YouriTielemans,KelechiIheanacho
206,2023-02-04,Brentford,Southampton,DavidRaya,EthanPinnock,RicoHenry,AaronHickey,BenMee,JoshDasilva,MathiasJensen,ChristianNørgaard,YoaneWissa,BryanMbeumo,IvanToney,GavinBazunu,JamesBree,RomainPerraud,JanBednarek,MohammedSalisu,SamuelEdozie,RoméoLavia,IbrahimaDiallo,MohamedElyounoussi,JamesWard-Prowse,ChéAdams
207,2023-02-04,Brighton & Hove Albion,Bournemouth,RobertSánchez,PervisEstupiñán,LewisDunk,JoëlVeltman,PascalGroß,KaoruMitoma,TariqLamptey,BillyGilmour,SollyMarch,DenizUndav,DannyWelbeck,Neto,ChrisMepham,AdamSmith,JordanZemura,MarcosSenesi,JaidonAnthony,PhilipBilling,DangoOuattara,JeffersonLerma,AntoineSemenyo,HamedTraorè
208,2023-02-03,Chelsea,Fulham,KepaArrizabalaga,BenoîtBadiashile,MarcCucurella,ReeceJames,ThiagoSilva,ConorGallagher,MasonMount,EnzoFernández,HakimZiyech,MykhailoMudryk,KaiHavertz,BerndLeno,KennyTete,AntoneeRobinson,TimReam,IssaDiop,HarrisonReed,AndreasPereira,BobbyDeCordova-Reid,Willian,JoãoPalhinha,AleksandarMitrovic
209,2023-02-04,Everton,Arsenal,JordanPickford,JamesTarkowski,VitaliiMykolenko,SéamusColeman,ConorCoady,AbdoulayeDoucouré,DwightMcNeil,AmadouOnana,AlexIwobi,IdrissaGueye,DominicCalvert-Lewin,AaronRamsdale,WilliamSaliba,GabrielMagalhães,BenWhite,OleksandrZinchenko,MartinØdegaard,ThomasPartey,GranitXhaka,BukayoSaka,EddieNketiah,GabrielMartinelli
210,2023-02-04,Manchester United,Crystal Palace,DaviddeGea,LukeShaw,RaphaëlVarane,LisandroMartínez,AaronWan-Bissaka,MarcusRashford,Casemiro,BrunoFernandes,Antony,Fred,WoutWeghorst,VicenteGuaita,TyrickMitchell,NathanielClyne,MarcGuéhi,ChrisRichards,JeffreySchlupp,MichaelOlise,JordanAyew,WillHughes,CheickDoucouré,OdsonneÉdouard
211,2023-02-04,Newcastle United,West Ham United,NickPope,KieranTrippier,FabianSchär,SvenBotman,DanBurn,SeanLongstaff,JoeWillock,Joelinton,MiguelAlmirón,CallumWilson,AllanSaint-Maximin,LukaszFabianski,ThiloKehrer,AngeloOgbonna,NayefAguerd,LucasPaquetá,DeclanRice,VladimírCoufal,Emerson,JarrodBowen,SaïdBenrahma,MichailAntonio
212,2023-02-05,Nottingham Forest,Leeds United,KeylorNavas,WillyBoly,NecoWilliams,RenanLodi,ScottMcKenna,MorganGibbs-White,RemoFreuler,OrelMangala,Danilo,BrennanJohnson,ChrisWood,IllanMeslier,PascalStruijk,LukeAyling,MaximilianWöber,LiamCooper,JackHarrison,TylerAdams,LuisSinisterra,MarcRoca,WilfriedGnonto,PatrickBamford
213,2023-02-05,Tottenham Hotspur,Manchester City,HugoLloris,EricDier,CristianRomero,BenDavies,IvanPerisic,EmersonRoyal,Pierre-EmileHøjbjerg,RodrigoBentancur,DejanKulusevski,SonHeung-Min,HarryKane,Ederson,NathanAké,RicoLewis,ManuelAkanji,KyleWalker,JackGrealish,RiyadMahrez,Rodri,BernardoSilva,JuliánÁlvarez,ErlingHaaland
214,2023-02-04,Wolverhampton Wanderers,Liverpool,JoséSá,NélsonSemedo,RayanAït-Nouri,MaximilianKilman,CraigDawson,RúbenNeves,HwangHee-Chan,MarioLemina,MatheusNunes,PabloSarabia,MatheusCunha,Alisson,JoëlMatip,TrentAlexander-Arnold,AndrewRobertson,JoeGomez,StefanBajcetic,NabyKeïta,Thiago,MohamedSalah,CodyGakpo,DarwinNúñez
215,2023-02-11,Arsenal,Brentford,AaronRamsdale,GabrielMagalhães,WilliamSaliba,BenWhite,OleksandrZinchenko,MartinØdegaard,GranitXhaka,ThomasPartey,EddieNketiah,GabrielMartinelli,BukayoSaka,DavidRaya,BenMee,KristofferAjer,EthanPinnock,MathiasJensen,MadsRoerslev,RicoHenry,VitalyJanelt,ChristianNørgaard,IvanToney,BryanMbeumo
216,2023-02-11,Bournemouth,Newcastle United,Neto,JackStephens,MarcosSenesi,JordanZemura,AdamSmith,JeffersonLerma,PhilipBilling,DangoOuattara,JaidonAnthony,DominicSolanke,HamedTraorè,NickPope,KieranTrippier,SvenBotman,DanBurn,FabianSchär,JoeWillock,SeanLongstaff,Joelinton,AlexanderIsak,AllanSaint-Maximin,MiguelAlmirón
217,2023-02-11,Crystal Palace,Brighton & Hove Albion,VicenteGuaita,MarcGuéhi,TyrickMitchell,NathanielClyne,JamesTomkins,JeffreySchlupp,WillHughes,MichaelOlise,CheickDoucouré,Jean-PhilippeMateta,JordanAyew,RobertSánchez,LewisDunk,JoëlVeltman,AdamWebster,PervisEstupiñán,KaoruMitoma,PascalGroß,AlexisMacAllister,MoisésCaicedo,SollyMarch,DenizUndav
218,2023-02-11,Fulham,Nottingham Forest,BerndLeno,AntoneeRobinson,KennyTete,TimReam,IssaDiop,HarrisonReed,AndreasPereira,JoãoPalhinha,Willian,BobbyDeCordova-Reid,AleksandarMitrovic,KeylorNavas,WillyBoly,RenanLodi,SèrgeAurier,ScottMcKenna,OrelMangala,RemoFreuler,GustavoScarpa,MorganGibbs-White,BrennanJohnson,ChrisWood
219,2023-02-12,Leeds United,Manchester United,IllanMeslier,LukeAyling,RobinKoch,MaximilianWöber,JuniorFirpo,WilfriedGnonto,JackHarrison,CrysencioSummerville,TylerAdams,WestonMcKennie,PatrickBamford,DaviddeGea,DiogoDalot,TyrellMalacia,LukeShaw,HarryMaguire,BrunoFernandes,MarcusRashford,MarcelSabitzer,Fred,JadonSancho,WoutWeghorst
220,2023-02-11,Leicester City,Tottenham Hotspur,DannyWard,HarrySouttar,VictorKristiansen,WoutFaes,TimothyCastagne,Tetê,KiernanDewsbury-Hall,NampalysMendy,JamesMaddison,HarveyBarnes,KelechiIheanacho,FraserForster,JaphetTanganga,BenDavies,EricDier,Pierre-EmileHøjbjerg,RodrigoBentancur,PedroPorro,IvanPerisic,DejanKulusevski,HarryKane,SonHeung-Min
221,2023-02-13,Liverpool,Everton,Alisson,TrentAlexander-Arnold,JoeGomez,AndrewRobertson,JoëlMatip,JordanHenderson,StefanBajcetic,Fabinho,CodyGakpo,MohamedSalah,DarwinNúñez,JordanPickford,ConorCoady,SéamusColeman,JamesTarkowski,VitaliiMykolenko,AlexIwobi,AbdoulayeDoucouré,IdrissaGueye,AmadouOnana,DwightMcNeil,EllisSimms
222,2023-02-12,Manchester City,Aston Villa,Ederson,AymericLaporte,KyleWalker,RúbenDias,IlkayGündogan,KevinDeBruyne,Rodri,BernardoSilva,ErlingHaaland,JackGrealish,RiyadMahrez,EmilianoMartínez,AshleyYoung,LucasDigne,CalumChambers,EzriKonsa,EmilianoBuendía,BoubacarKamara,DouglasLuiz,JacobRamsey,OllieWatkins,LeonBailey
223,2023-02-11,Southampton,Wolverhampton Wanderers,GavinBazunu,JamesBree,JanBednarek,AinsleyMaitland-Niles,MohammedSalisu,RomainPerraud,JamesWard-Prowse,RoméoLavia,CarlosAlcaraz,KamaldeenSulemana,PaulOnuachu,JoséSá,NélsonSemedo,MaximilianKilman,CraigDawson,RayanAït-Nouri,JoãoMoutinho,MarioLemina,MatheusNunes,PabloSarabia,RúbenNeves,MatheusCunha
224,2023-02-11,West Ham United,Chelsea,LukaszFabianski,ThiloKehrer,AngeloOgbonna,NayefAguerd,DeclanRice,LucasPaquetá,VladimírCoufal,Emerson,MichailAntonio,JarrodBowen,SaïdBenrahma,KepaArrizabalaga,MarcCucurella,ReeceJames,ThiagoSilva,BenoîtBadiashile,MykhailoMudryk,JoãoFélix,RubenLoftus-Cheek,NoniMadueke,EnzoFernández,KaiHavertz
225,2023-02-18,Aston Villa,Arsenal,EmilianoMartínez,MattyCash,TyroneMings,EzriKonsa,ÁlexMoreno,JohnMcGinn,PhilippeCoutinho,DouglasLuiz,BoubacarKamara,EmilianoBuendía,OllieWatkins,AaronRamsdale,WilliamSaliba,GabrielMagalhães,BenWhite,OleksandrZinchenko,Jorginho,MartinØdegaard,GranitXhaka,LeandroTrossard,EddieNketiah,BukayoSaka
226,2023-02-18,Brentford,Crystal Palace,DavidRaya,BenMee,EthanPinnock,RicoHenry,AaronHickey,ChristianNørgaard,MathiasJensen,JoshDasilva,IvanToney,YoaneWissa,BryanMbeumo,VicenteGuaita,NathanielClyne,TyrickMitchell,JoachimAndersen,MarcGuéhi,CheickDoucouré,JeffreySchlupp,MichaelOlise,JordanAyew,AlbertSambiLokonga,Jean-PhilippeMateta
227,2023-02-18,Brighton & Hove Albion,Fulham,RobertSánchez,LewisDunk,JoëlVeltman,AdamWebster,PervisEstupiñán,KaoruMitoma,PascalGroß,AlexisMacAllister,MoisésCaicedo,SollyMarch,EvanFerguson,BerndLeno,AntoneeRobinson,KennyTete,TimReam,IssaDiop,AndreasPereira,HarrisonReed,JoãoPalhinha,HarryWilson,Willian,BobbyDeCordova-Reid
228,2023-02-18,Chelsea,Southampton,KepaArrizabalaga,KalidouKoulibaly,CésarAzpilicueta,BenChilwell,BenoîtBadiashile,MateoKovacic,MasonMount,NoniMadueke,JoãoFélix,EnzoFernández,DavidDatroFofana,GavinBazunu,ArmelBella-Kotchap,JanBednarek,AinsleyMaitland-Niles,RomainPerraud,JamesWard-Prowse,RoméoLavia,MohamedElyounoussi,StuartArmstrong,KamaldeenSulemana,PaulOnuachu
229,2023-02-18,Everton,Leeds United,JordanPickford,VitaliiMykolenko,JamesTarkowski,ConorCoady,SéamusColeman,AlexIwobi,AbdoulayeDoucouré,AmadouOnana,IdrissaGueye,DwightMcNeil,NealMaupay,IllanMeslier,JuniorFirpo,MaximilianWöber,LukeAyling,RobinKoch,CrysencioSummerville,WilfriedGnonto,WestonMcKennie,TylerAdams,JackHarrison,PatrickBamford
230,2023-02-19,Manchester United,Leicester City,DaviddeGea,VictorLindelöf,DiogoDalot,LisandroMartínez,LukeShaw,AlejandroGarnacho,MarcelSabitzer,WoutWeghorst,Fred,BrunoFernandes,MarcusRashford,DannyWard,WoutFaes,TimothyCastagne,HarrySouttar,VictorKristiansen,JamesMaddison,Tetê,HarveyBarnes,NampalysMendy,KiernanDewsbury-Hall,KelechiIheanacho
231,2023-02-18,Newcastle United,Liverpool,NickPope,FabianSchär,KieranTrippier,SvenBotman,DanBurn,SeanLongstaff,Joelinton,ElliotAnderson,MiguelAlmirón,AlexanderIsak,AllanSaint-Maximin,Alisson,AndrewRobertson,JoeGomez,VirgilvanDijk,TrentAlexander-Arnold,StefanBajcetic,JordanHenderson,Fabinho,CodyGakpo,DarwinNúñez,MohamedSalah
232,2023-02-18,Nottingham Forest,Manchester City,KeylorNavas,RenanLodi,Felipe,JoeWorrall,SèrgeAurier,MorganGibbs-White,Danilo,JackColback,RemoFreuler,JonjoShelvey,BrennanJohnson,Ederson,AymericLaporte,KyleWalker,RúbenDias,IlkayGündogan,KevinDeBruyne,Rodri,BernardoSilva,ErlingHaaland,JackGrealish,PhilFoden
233,2023-02-19,Tottenham Hotspur,West Ham United,FraserForster,ClémentLenglet,EricDier,CristianRomero,BenDavies,EmersonRoyal,Pierre-EmileHøjbjerg,OliverSkipp,Richarlison,DejanKulusevski,HarryKane,LukaszFabianski,ThiloKehrer,NayefAguerd,AngeloOgbonna,Emerson,VladimírCoufal,TomásSoucek,DeclanRice,MichailAntonio,FlynnDownes,JarrodBowen
234,2023-02-18,Wolverhampton Wanderers,Bournemouth,JoséSá,NélsonSemedo,HugoBueno,CraigDawson,MaximilianKilman,MatheusNunes,AdamaTraoré,PabloSarabia,RúbenNeves,JoãoMoutinho,MatheusCunha,Neto,JordanZemura,AdamSmith,MarcosSenesi,JackStephens,HamedTraorè,DangoOuattara,PhilipBilling,JeffersonLerma,MarcusTavernier,DominicSolanke
235,2023-02-25,Bournemouth,Manchester City,Neto,AdamSmith,JackStephens,ChrisMepham,MarcosSenesi,JordanZemura,PhilipBilling,HamedTraorè,JeffersonLerma,DangoOuattara,DominicSolanke,Ederson,NathanAké,ManuelAkanji,RúbenDias,Rodri,RicoLewis,JuliánÁlvarez,IlkayGündogan,PhilFoden,ErlingHaaland,JackGrealish
236,2023-02-25,Crystal Palace,Liverpool,VicenteGuaita,NathanielClyne,MarcGuéhi,TyrickMitchell,JoachimAndersen,JeffreySchlupp,MichaelOlise,CheickDoucouré,JordanAyew,AlbertSambiLokonga,Jean-PhilippeMateta,Alisson,TrentAlexander-Arnold,AndrewRobertson,VirgilvanDijk,JoëlMatip,JordanHenderson,NabyKeïta,JamesMilner,MohamedSalah,CodyGakpo,DiogoJota
237,2023-02-25,Everton,Aston Villa,JordanPickford,JamesTarkowski,VitaliiMykolenko,ConorCoady,SéamusColeman,DwightMcNeil,IdrissaGueye,AmadouOnana,AlexIwobi,AbdoulayeDoucouré,NealMaupay,EmilianoMartínez,EzriKonsa,MattyCash,LucasDigne,TyroneMings,JohnMcGinn,JacobRamsey,BoubacarKamara,DouglasLuiz,OllieWatkins,LeonBailey
238,2023-02-24,Fulham,Wolverhampton Wanderers,BerndLeno,IssaDiop,AntoneeRobinson,TimReam,KennyTete,AndreasPereira,JoãoPalhinha,Willian,BobbyDeCordova-Reid,HarrisonReed,CarlosVinícius,JoséSá,HugoBueno,NélsonSemedo,MaximilianKilman,CraigDawson,RúbenNeves,MatheusNunes,PabloSarabia,MarioLemina,RaúlJiménez,MatheusCunha
239,2023-02-25,Leeds United,Southampton,IllanMeslier,LukeAyling,RobinKoch,JuniorFirpo,MaximilianWöber,WilfriedGnonto,TylerAdams,BrendenAaronson,JackHarrison,WestonMcKennie,PatrickBamford,GavinBazunu,RomainPerraud,JanBednarek,AinsleyMaitland-Niles,ArmelBella-Kotchap,StuartArmstrong,MohamedElyounoussi,JamesWard-Prowse,RoméoLavia,KamaldeenSulemana,PaulOnuachu
240,2023-02-25,Leicester City,Arsenal,DannyWard,TimothyCastagne,HarrySouttar,WoutFaes,VictorKristiansen,DennisPraet,KiernanDewsbury-Hall,WilfredNdidi,KelechiIheanacho,HarveyBarnes,Tetê,AaronRamsdale,OleksandrZinchenko,BenWhite,GabrielMagalhães,WilliamSaliba,Jorginho,GranitXhaka,MartinØdegaard,LeandroTrossard,BukayoSaka,GabrielMartinelli
241,2023-02-26,Tottenham Hotspur,Chelsea,FraserForster,CristianRomero,ClémentLenglet,EricDier,EmersonRoyal,BenDavies,Pierre-EmileHøjbjerg,OliverSkipp,Richarlison,HarryKane,DejanKulusevski,KepaArrizabalaga,BenChilwell,ReeceJames,KalidouKoulibaly,ThiagoSilva,JoãoFélix,EnzoFernández,RubenLoftus-Cheek,RaheemSterling,HakimZiyech,KaiHavertz
242,2023-02-25,West Ham United,Nottingham Forest,LukaszFabianski,NayefAguerd,VladimírCoufal,AngeloOgbonna,BenJohnson,DeclanRice,TomásSoucek,LucasPaquetá,SaïdBenrahma,JarrodBowen,DannyIngs,KeylorNavas,JoeWorrall,RenanLodi,NecoWilliams,Felipe,JonjoShelvey,JackColback,BrennanJohnson,RemoFreuler,MorganGibbs-White,ChrisWood
243,2023-03-04,Arsenal,Bournemouth,AaronRamsdale,GabrielMagalhães,OleksandrZinchenko,TakehiroTomiyasu,WilliamSaliba,ThomasPartey,FábioVieira,MartinØdegaard,LeandroTrossard,BukayoSaka,GabrielMartinelli,Neto,MarcosSenesi,ChrisMepham,JackStephens,AdamSmith,JordanZemura,DangoOuattara,AntoineSemenyo,PhilipBilling,JoeRothwell,DominicSolanke
244,2023-03-04,Aston Villa,Crystal Palace,EmilianoMartínez,EzriKonsa,TyroneMings,ÁlexMoreno,MattyCash,BoubacarKamara,DouglasLuiz,EmilianoBuendía,JohnMcGinn,JacobRamsey,OllieWatkins,VicenteGuaita,JoachimAndersen,MarcGuéhi,TyrickMitchell,NathanielClyne,EberechiEze,CheickDoucouré,JordanAyew,MichaelOlise,AlbertSambiLokonga,WilfriedZaha
245,2023-03-06,Brentford,Fulham,DavidRaya,RicoHenry,EthanPinnock,BenMee,AaronHickey,MathiasJensen,MikkelDamsgaard,ChristianNørgaard,IvanToney,BryanMbeumo,YoaneWissa,BerndLeno,TimReam,IssaDiop,KennyTete,AntoneeRobinson,SasaLukic,AndreasPereira,HarrisonReed,Willian,ManorSolomon,AleksandarMitrovic
246,2023-03-04,Brighton & Hove Albion,West Ham United,JasonSteele,PervisEstupiñán,AdamWebster,TariqLamptey,LewisDunk,KaoruMitoma,MoisésCaicedo,AlexisMacAllister,SollyMarch,PascalGroß,EvanFerguson,AlphonseAréola,Emerson,NayefAguerd,AngeloOgbonna,BenJohnson,SaïdBenrahma,DeclanRice,JarrodBowen,TomásSoucek,LucasPaquetá,DannyIngs
247,2023-03-04,Chelsea,Leeds United,KepaArrizabalaga,BenoîtBadiashile,WesleyFofana,KalidouKoulibaly,BenChilwell,EnzoFernández,RubenLoftus-Cheek,MateoKovacic,RaheemSterling,JoãoFélix,KaiHavertz,IllanMeslier,JuniorFirpo,LukeAyling,RobinKoch,MaximilianWöber,JackHarrison,WestonMcKennie,BrendenAaronson,TylerAdams,CrysencioSummerville,GeorginioRutter
248,2023-03-05,Liverpool,Manchester United,Alisson,AndrewRobertson,TrentAlexander-Arnold,IbrahimaKonaté,VirgilvanDijk,Fabinho,JordanHenderson,HarveyElliott,CodyGakpo,MohamedSalah,DarwinNúñez,DaviddeGea,LukeShaw,RaphaëlVarane,LisandroMartínez,DiogoDalot,Casemiro,Antony,BrunoFernandes,Fred,WoutWeghorst,MarcusRashford
249,2023-03-04,Manchester City,Newcastle United,Ederson,ManuelAkanji,RúbenDias,NathanAké,KyleWalker,KevinDeBruyne,Rodri,PhilFoden,IlkayGündogan,JackGrealish,ErlingHaaland,NickPope,JamaalLascelles,SvenBotman,KieranTrippier,DanBurn,BrunoGuimarães,SeanLongstaff,Joelinton,AnthonyGordon,MiguelAlmirón,CallumWilson
250,2023-03-05,Nottingham Forest,Everton,KeylorNavas,JoeWorrall,RenanLodi,SèrgeAurier,Felipe,JonjoShelvey,JackColback,BrennanJohnson,RemoFreuler,MorganGibbs-White,ChrisWood,JordanPickford,MichaelKeane,BenGodfrey,JamesTarkowski,SéamusColeman,DwightMcNeil,IdrissaGueye,AmadouOnana,AlexIwobi,AbdoulayeDoucouré,DemaraiGray
251,2023-03-04,Southampton,Leicester City,GavinBazunu,ArmelBella-Kotchap,KyleWalker-Peters,AinsleyMaitland-Niles,JanBednarek,CarlosAlcaraz,JamesWard-Prowse,KamaldeenSulemana,TheoWalcott,RoméoLavia,ChéAdams,DannyWard,HarrySouttar,RicardoPereira,TimothyCastagne,WoutFaes,Tetê,HarveyBarnes,NampalysMendy,KiernanDewsbury-Hall,JamesMaddison,KelechiIheanacho
252,2023-03-04,Wolverhampton Wanderers,Tottenham Hotspur,JoséSá,CraigDawson,Jonny,NélsonSemedo,MaximilianKilman,RúbenNeves,MatheusNunes,MarioLemina,PabloSarabia,PedroNeto,DiegoCosta,FraserForster,ClémentLenglet,CristianRomero,BenDavies,IvanPerisic,PedroPorro,Pierre-EmileHøjbjerg,OliverSkipp,HarryKane,DejanKulusevski,SonHeung-Min
253,2023-03-11,Bournemouth,Liverpool,Neto,MarcosSenesi,JackStephens,AdamSmith,LloydKelly,JaidonAnthony,DangoOuattara,JoeRothwell,JeffersonLerma,DominicSolanke,PhilipBilling,Alisson,IbrahimaKonaté,VirgilvanDijk,AndrewRobertson,TrentAlexander-Arnold,Fabinho,StefanBajcetic,HarveyElliott,CodyGakpo,MohamedSalah,DarwinNúñez
254,2023-03-11,Crystal Palace,Manchester City,VicenteGuaita,JoachimAndersen,TyrickMitchell,MarcGuéhi,NathanielClyne,JeffreySchlupp,AlbertSambiLokonga,LukaMilivojevic,WilfriedZaha,JordanAyew,MichaelOlise,Ederson,JohnStones,ManuelAkanji,RúbenDias,NathanAké,JackGrealish,Rodri,PhilFoden,BernardoSilva,IlkayGündogan,ErlingHaaland
255,2023-03-11,Everton,Brentford,JordanPickford,BenGodfrey,MichaelKeane,JamesTarkowski,SéamusColeman,IdrissaGueye,AmadouOnana,DwightMcNeil,AbdoulayeDoucouré,AlexIwobi,DemaraiGray,DavidRaya,AaronHickey,EthanPinnock,BenMee,RicoHenry,MathiasJensen,ChristianNørgaard,VitalyJanelt,MikkelDamsgaard,IvanToney,BryanMbeumo
256,2023-03-12,Fulham,Arsenal,BerndLeno,TimReam,AntoneeRobinson,TosinAdarabioyo,KennyTete,BobbyDeCordova-Reid,SasaLukic,ManorSolomon,AndreasPereira,HarrisonReed,AleksandarMitrovic,AaronRamsdale,GabrielMagalhães,BenWhite,OleksandrZinchenko,WilliamSaliba,GranitXhaka,MartinØdegaard,ThomasPartey,GabrielMartinelli,LeandroTrossard,BukayoSaka
257,2023-03-11,Leeds United,Brighton & Hove Albion,IllanMeslier,LukeAyling,MaximilianWöber,JuniorFirpo,RobinKoch,JackHarrison,MarcRoca,BrendenAaronson,CrysencioSummerville,TylerAdams,PatrickBamford,JasonSteele,PervisEstupiñán,AdamWebster,JoëlVeltman,LewisDunk,SollyMarch,KaoruMitoma,AlexisMacAllister,MoisésCaicedo,PascalGroß,EvanFerguson
258,2023-03-11,Leicester City,Chelsea,DannyWard,HarrySouttar,DanielAmartey,WoutFaes,NampalysMendy,RicardoPereira,TimothyCastagne,KiernanDewsbury-Hall,KelechiIheanacho,PatsonDaka,JamesMaddison,KepaArrizabalaga,WesleyFofana,MarcCucurella,KalidouKoulibaly,EnzoFernández,RubenLoftus-Cheek,MateoKovacic,BenChilwell,MykhailoMudryk,KaiHavertz,JoãoFélix
259,2023-03-12,Manchester United,Southampton,DaviddeGea,RaphaëlVarane,LisandroMartínez,AaronWan-Bissaka,LukeShaw,BrunoFernandes,Casemiro,Antony,MarcusRashford,JadonSancho,WoutWeghorst,GavinBazunu,ArmelBella-Kotchap,KyleWalker-Peters,RomainPerraud,JanBednarek,TheoWalcott,KamaldeenSulemana,JamesWard-Prowse,CarlosAlcaraz,RoméoLavia,ChéAdams
260,2023-03-12,Newcastle United,Wolverhampton Wanderers,NickPope,SvenBotman,KieranTrippier,DanBurn,FabianSchär,JoeWillock,BrunoGuimarães,SeanLongstaff,JacobMurphy,AllanSaint-Maximin,AlexanderIsak,JoséSá,NélsonSemedo,MaximilianKilman,Jonny,CraigDawson,JoãoMoutinho,MarioLemina,RúbenNeves,AdamaTraoré,DanielPodence,RaúlJiménez
261,2023-03-11,Tottenham Hotspur,Nottingham Forest,FraserForster,EricDier,ClémentLenglet,CristianRomero,BenDavies,Pierre-EmileHøjbjerg,OliverSkipp,PedroPorro,HarryKane,Richarlison,SonHeung-Min,KeylorNavas,RenanLodi,Felipe,SèrgeAurier,JoeWorrall,JonjoShelvey,RemoFreuler,MorganGibbs-White,JesseLingard,OrelMangala,BrennanJohnson
262,2023-03-12,West Ham United,Aston Villa,AlphonseAréola,NayefAguerd,Emerson,ThiloKehrer,KurtZouma,LucasPaquetá,JarrodBowen,TomásSoucek,DeclanRice,SaïdBenrahma,DannyIngs,EmilianoMartínez,EzriKonsa,ÁlexMoreno,TyroneMings,MattyCash,DouglasLuiz,LeonBailey,JacobRamsey,JohnMcGinn,EmilianoBuendía,OllieWatkins
263,2023-03-19,Arsenal,Crystal Palace,AaronRamsdale,OleksandrZinchenko,RobHolding,GabrielMagalhães,BenWhite,MartinØdegaard,ThomasPartey,GranitXhaka,BukayoSaka,LeandroTrossard,GabrielMartinelli,JoeWhitworth,JamesTomkins,TyrickMitchell,MarcGuéhi,JoelWard,LukaMilivojevic,WilfriedZaha,CheickDoucouré,JeffreySchlupp,MichaelOlise,OdsonneÉdouard
264,2023-03-18,Aston Villa,Bournemouth,EmilianoMartínez,MattyCash,EzriKonsa,ÁlexMoreno,TyroneMings,DouglasLuiz,JacobRamsey,EmilianoBuendía,LeonBailey,JohnMcGinn,OllieWatkins,Neto,MarcosSenesi,LloydKelly,AdamSmith,JackStephens,JaidonAnthony,DangoOuattara,JeffersonLerma,JoeRothwell,DominicSolanke,PhilipBilling
265,2023-03-18,Brentford,Leicester City,DavidRaya,EthanPinnock,RicoHenry,BenMee,AaronHickey,MathiasJensen,MikkelDamsgaard,ChristianNørgaard,IvanToney,YoaneWissa,BryanMbeumo,DanielIversen,DanielAmartey,RicardoPereira,TimothyCastagne,HarrySouttar,WilfredNdidi,HarveyBarnes,Tetê,JamesMaddison,KiernanDewsbury-Hall,PatsonDaka
266,2023-03-18,Chelsea,Everton,KepaArrizabalaga,BenoîtBadiashile,WesleyFofana,KalidouKoulibaly,BenChilwell,ReeceJames,MateoKovacic,EnzoFernández,ChristianPulisic,KaiHavertz,JoãoFélix,JordanPickford,JamesTarkowski,MichaelKeane,BenGodfrey,SéamusColeman,AlexIwobi,AmadouOnana,AbdoulayeDoucouré,DwightMcNeil,IdrissaGueye,DemaraiGray
267,2023-03-17,Nottingham Forest,Newcastle United,KeylorNavas,Felipe,SèrgeAurier,RenanLodi,MoussaNiakhaté,EmmanuelDennis,JonjoShelvey,MorganGibbs-White,BrennanJohnson,RyanYates,AndréAyew,NickPope,FabianSchär,SvenBotman,DanBurn,KieranTrippier,SeanLongstaff,BrunoGuimarães,JoeWillock,AllanSaint-Maximin,AlexanderIsak,JacobMurphy
